1,0,0.07662630928695045,0.9233736907130496,0,1,0,0,0,1,0,0,0,0,1,0,1,0,0,1,0,0,0,0.2,0.2,0.2,0.2,0.2,1,0,1,0,0,1,0,0,0,0.2,0.2,0.2,0.2,0.2,1,0,0,1,0.2,0.2,0.2,0.2,0.2,0,0,1,0,0,1,0,0,1,0.2,0.2,0.2,0.2,0.2,0,0,0,1,0,0,1,0.5,0.5,0.2,0.2,0.2,0.2,0.2,0.2,0.2,0.2,0.2,0.2,0,1,0.5,0.5,0.2,0.2,0.2,0.2,0.2,0.2,0.2,0.2,0.2,0.2,0,1,0.5,0.5,0.2,0.2,0.2,0.2,0.2,0.2,0.2,0.2,0.2,0.2,0,1,0.5,0.5,0.2,0.2,0.2,0.2,0.2,0.2,0.2,0.2,0.2,0.2,0,1,0.5,0.5,0.2,0.2,0.2,0.2,0.2,0.2,0.2,0.2,0.2,0.2
1,0,1,0,0,0,1,0,0,0.2,0.2,0.2,0.2,0.2,1,0,1,0,0,0,1,0,0,0.2,0.2,0.2,0.2,0.2,1,0,0,1,0.2,0.2,0.2,0.2,0.2,0,0,1,0,0,1,0,0,1,0.2,0.2,0.2,0.2,0.2,0,0,0,1,0,1,0,0,1,0.2,0.2,0.2,0.2,0.2,0,0,0,1,0,0,1,0.5,0.5,0.2,0.2,0.2,0.2,0.2,0.2,0.2,0.2,0.2,0.2,0,1,0.5,0.5,0.2,0.2,0.2,0.2,0.2,0.2,0.2,0.2,0.2,0.2,0,1,0.5,0.5,0.2,0.2,0.2,0.2,0.2,0.2,0.2,0.2,0.2,0.2,0,1,0.5,0.5,0.2,0.2,0.2,0.2,0.2,0.2,0.2,0.2,0.2,0.2,0,1,0.5,0.5,0.2,0.2,0.2,0.2,0.2,0.2,0.2,0.2,0.2,0.2
1,0,1,0,0,1,0,0,0,0.2,0.2,0.2,0.2,0.2,1,0,1,0,0,1,0,0,0,0.2,0.2,0.2,0.2,0.2,1,0,0,1,0.2,0.2,0.2,0.2,0.2,0,1,0,0,0,1,0,0,1,0.2,0.2,0.2,0.2,0.2,0,0,0,1,0,1,0,0,1,0.2,0.2,0.2,0.2,0.2,0,0,0,1,0,0,1,0.5,0.5,0.2,0.2,0.2,0.2,0.2,0.2,0.2,0.2,0.2,0.2,0,1,0.5,0.5,0.2,0.2,0.2,0.2,0.2,0.2,0.2,0.2,0.2,0.2,0,1,0.5,0.5,0.2,0.2,0.2,0.2,0.2,0.2,0.2,0.2,0.2,0.2,0,1,0.5,0.5,0.2,0.2,0.2,0.2,0.2,0.2,0.2,0.2,0.2,0.2,0,1,0.5,0.5,0.2,0.2,0.2,0.2,0.2,0.2,0.2,0.2,0.2,0.2
1,0,1,0,0,1,0,0,0,0.2,0.2,0.2,0.2,0.2,1,0,1,0,0,1,0,0,0,0.2,0.2,0.2,0.2,0.2,1,0,0,1,0.2,0.2,0.2,0.2,0.2,0,0,1,0,0,1,0,0,1,0.2,0.2,0.2,0.2,0.2,0,0,1,0,0,1,0,0,1,0.2,0.2,0.2,0.2,0.2,0,0,0,1,0,0,1,0.5,0.5,0.2,0.2,0.2,0.2,0.2,0.2,0.2,0.2,0.2,0.2,0,1,0.5,0.5,0.2,0.2,0.2,0.2,0.2,0.2,0.2,0.2,0.2,0.2,0,1,0.5,0.5,0.2,0.2,0.2,0.2,0.2,0.2,0.2,0.2,0.2,0.2,0,1,0.5,0.5,0.2,0.2,0.2,0.2,0.2,0.2,0.2,0.2,0.2,0.2,0,1,0.5,0.5,0.2,0.2,0.2,0.2,0.2,0.2,0.2,0.2,0.2,0.2
1,0,1,0,0,1,0,0,0,0.2,0.2,0.2,0.2,0.2,1,0,1,0,0,1,0,0,0,0.2,0.2,0.2,0.2,0.2,1,0,0,1,0.2,0.2,0.2,0.2,0.2,0,1,0,0,0,1,0,0,1,0.2,0.2,0.2,0.2,0.2,0,0,1,0,0,1,0,0,1,0.2,0.2,0.2,0.2,0.2,0,0,0,1,0,0,1,0.5,0.5,0.2,0.2,0.2,0.2,0.2,0.2,0.2,0.2,0.2,0.2,0,1,0.5,0.5,0.2,0.2,0.2,0.2,0.2,0.2,0.2,0.2,0.2,0.2,0,1,0.5,0.5,0.2,0.2,0.2,0.2,0.2,0.2,0.2,0.2,0.2,0.2,0,1,0.5,0.5,0.2,0.2,0.2,0.2,0.2,0.2,0.2,0.2,0.2,0.2,0,1,0.5,0.5,0.2,0.2,0.2,0.2,0.2,0.2,0.2,0.2,0.2,0.2
1,0,0.8548597195752997,0.14514028042470042,0,1,0,0,0,0,0,1,0,0,1,0,1,0,0,1,0,0,0,0.2,0.2,0.2,0.2,0.2,1,0,1,0,0,1,0,0,0,0.2,0.2,0.2,0.2,0.2,1,0,0,1,0.2,0.2,0.2,0.2,0.2,0,1,0,0,0,1,0,0,1,0.2,0.2,0.2,0.2,0.2,0,0,1,0,0,0,1,0.5,0.5,0.2,0.2,0.2,0.2,0.2,0.2,0.2,0.2,0.2,0.2,0,1,0.5,0.5,0.2,0.2,0.2,0.2,0.2,0.2,0.2,0.2,0.2,0.2,0,1,0.5,0.5,0.2,0.2,0.2,0.2,0.2,0.2,0.2,0.2,0.2,0.2,0,1,0.5,0.5,0.2,0.2,0.2,0.2,0.2,0.2,0.2,0.2,0.2,0.2,0,1,0.5,0.5,0.2,0.2,0.2,0.2,0.2,0.2,0.2,0.2,0.2,0.2
0,1,0.5,0.5,0.2,0.2,0.2,0.2,0.2,0.2,0.2,0.2,0.2,0.2,0,1,0.5,0.5,0.2,0.2,0.2,0.2,0.2,0.2,0.2,0.2,0.2,0.2,1,0,0,1,0.2,0.2,0.2,0.2,0.2,1,0,0,0,0,1,0,0.3689627134034338,0.6310372865965662,0,0,1,0,0,1,0,0,0,0,1,0,0.6121327257221114,0.3878672742778887,0,0,1,0,0,0,0,0.42298078166415287,0.5770192183358472,0,1,0,0,1,0.2,0.2,0.2,0.2,0.2,1,0,0,0,0,0.2704057970009985,0.7295942029990015,0.787730849929877,0.21226915007012312,1,0,0,0,0,1,0,0,0,0,0,1,0.5,0.5,0.2,0.2,0.2,0.2,0.2,0.2,0.2,0.2,0.2,0.2,0,1,0.5,0.5,0.2,0.2,0.2,0.2,0.2,0.2,0.2,0.2,0.2,0.2,0,1,0.5,0.5,0.2,0.2,0.2,0.2,0.2,0.2,0.2,0.2,0.2,0.2
1,0,0.07662630928695045,0.9233736907130496,0,1,0,0,0,1,0,0,0,0,1,0,1,0,0,0,1,0,0,0.2,0.2,0.2,0.2,0.2,1,0,1,0,0,0,1,0,0,0.2,0.2,0.2,0.2,0.2,1,0,0,1,0.2,0.2,0.2,0.2,0.2,0,0,0,1,0,1,0,0,1,0.2,0.2,0.2,0.2,0.2,0,0,0,1,0,0,1,0.5,0.5,0.2,0.2,0.2,0.2,0.2,0.2,0.2,0.2,0.2,0.2,0,1,0.5,0.5,0.2,0.2,0.2,0.2,0.2,0.2,0.2,0.2,0.2,0.2,0,1,0.5,0.5,0.2,0.2,0.2,0.2,0.2,0.2,0.2,0.2,0.2,0.2,0,1,0.5,0.5,0.2,0.2,0.2,0.2,0.2,0.2,0.2,0.2,0.2,0.2,0,1,0.5,0.5,0.2,0.2,0.2,0.2,0.2,0.2,0.2,0.2,0.2,0.2
1,0,0.07662630928695045,0.9233736907130496,0,0,1,0,0,1,0,0,0,0,1,0,1,0,0,0,1,0,0,0.2,0.2,0.2,0.2,0.2,1,0,1,0,0,0,1,0,0,0.2,0.2,0.2,0.2,0.2,1,0,0,1,0.2,0.2,0.2,0.2,0.2,0,0,1,0,0,1,0,0,1,0.2,0.2,0.2,0.2,0.2,0,0,0,1,0,0,1,0.5,0.5,0.2,0.2,0.2,0.2,0.2,0.2,0.2,0.2,0.2,0.2,0,1,0.5,0.5,0.2,0.2,0.2,0.2,0.2,0.2,0.2,0.2,0.2,0.2,0,1,0.5,0.5,0.2,0.2,0.2,0.2,0.2,0.2,0.2,0.2,0.2,0.2,0,1,0.5,0.5,0.2,0.2,0.2,0.2,0.2,0.2,0.2,0.2,0.2,0.2,0,1,0.5,0.5,0.2,0.2,0.2,0.2,0.2,0.2,0.2,0.2,0.2,0.2
1,0,1,0,0,0,1,0,0,0.2,0.2,0.2,0.2,0.2,1,0,1,0,0,0,1,0,0,0.2,0.2,0.2,0.2,0.2,1,0,0,1,0.2,0.2,0.2,0.2,0.2,0,1,0,0,0,1,0,0,1,0.2,0.2,0.2,0.2,0.2,0,0,1,0,0,1,0,0,1,0.2,0.2,0.2,0.2,0.2,0,0,1,0,0,0,1,0.5,0.5,0.2,0.2,0.2,0.2,0.2,0.2,0.2,0.2,0.2,0.2,0,1,0.5,0.5,0.2,0.2,0.2,0.2,0.2,0.2,0.2,0.2,0.2,0.2,0,1,0.5,0.5,0.2,0.2,0.2,0.2,0.2,0.2,0.2,0.2,0.2,0.2,0,1,0.5,0.5,0.2,0.2,0.2,0.2,0.2,0.2,0.2,0.2,0.2,0.2,0,1,0.5,0.5,0.2,0.2,0.2,0.2,0.2,0.2,0.2,0.2,0.2,0.2
1,0,0.07662630928695045,0.9233736907130496,0,0,1,0,0,1,0,0,0,0,1,0,1,0,0,0.557186914843009,0.442813085156991,0,0,0.2,0.2,0.2,0.2,0.2,1,0,1,0,0,1,0,0,0,0.2,0.2,0.2,0.2,0.2,1,0,0,1,0.2,0.2,0.2,0.2,0.2,0,0,1,0,0,1,0,0,1,0.2,0.2,0.2,0.2,0.2,0,0,1,0,0,0,1,0.5,0.5,0.2,0.2,0.2,0.2,0.2,0.2,0.2,0.2,0.2,0.2,0,1,0.5,0.5,0.2,0.2,0.2,0.2,0.2,0.2,0.2,0.2,0.2,0.2,0,1,0.5,0.5,0.2,0.2,0.2,0.2,0.2,0.2,0.2,0.2,0.2,0.2,0,1,0.5,0.5,0.2,0.2,0.2,0.2,0.2,0.2,0.2,0.2,0.2,0.2,0,1,0.5,0.5,0.2,0.2,0.2,0.2,0.2,0.2,0.2,0.2,0.2,0.2
1,0,1,0,0,0,1,0,0,0.2,0.2,0.2,0.2,0.2,1,0,1,0,0,0,1,0,0,0.2,0.2,0.2,0.2,0.2,1,0,0,1,0.2,0.2,0.2,0.2,0.2,0,0,1,0,0,1,0,0,1,0.2,0.2,0.2,0.2,0.2,0,0,1,0,0,1,0,0,1,0.2,0.2,0.2,0.2,0.2,0,0,0,1,0,0,1,0.5,0.5,0.2,0.2,0.2,0.2,0.2,0.2,0.2,0.2,0.2,0.2,0,1,0.5,0.5,0.2,0.2,0.2,0.2,0.2,0.2,0.2,0.2,0.2,0.2,0,1,0.5,0.5,0.2,0.2,0.2,0.2,0.2,0.2,0.2,0.2,0.2,0.2,0,1,0.5,0.5,0.2,0.2,0.2,0.2,0.2,0.2,0.2,0.2,0.2,0.2,0,1,0.5,0.5,0.2,0.2,0.2,0.2,0.2,0.2,0.2,0.2,0.2,0.2
1,0,1,0,0,1,0,0,0,0.2,0.2,0.2,0.2,0.2,1,0,1,0,0,0,1,0,0,0.2,0.2,0.2,0.2,0.2,1,0,0,1,0.2,0.2,0.2,0.2,0.2,0,0,1,0,0,1,0,0,1,0.2,0.2,0.2,0.2,0.2,0,0,1,0,0,1,0,0,1,0.2,0.2,0.2,0.2,0.2,0,0,1,0,0,0,1,0.5,0.5,0.2,0.2,0.2,0.2,0.2,0.2,0.2,0.2,0.2,0.2,0,1,0.5,0.5,0.2,0.2,0.2,0.2,0.2,0.2,0.2,0.2,0.2,0.2,0,1,0.5,0.5,0.2,0.2,0.2,0.2,0.2,0.2,0.2,0.2,0.2,0.2,0,1,0.5,0.5,0.2,0.2,0.2,0.2,0.2,0.2,0.2,0.2,0.2,0.2,0,1,0.5,0.5,0.2,0.2,0.2,0.2,0.2,0.2,0.2,0.2,0.2,0.2
1,0,0.07662630928695045,0.9233736907130496,0,0,1,0,0,1,0,0,0,0,1,0,1,0,0,0,1,0,0,0.2,0.2,0.2,0.2,0.2,1,0,1,0,0,0,1,0,0,0.2,0.2,0.2,0.2,0.2,1,0,0,1,0.2,0.2,0.2,0.2,0.2,0,0,1,0,0,1,0,0,1,0.2,0.2,0.2,0.2,0.2,0,0,1,0,0,0,1,0.5,0.5,0.2,0.2,0.2,0.2,0.2,0.2,0.2,0.2,0.2,0.2,0,1,0.5,0.5,0.2,0.2,0.2,0.2,0.2,0.2,0.2,0.2,0.2,0.2,0,1,0.5,0.5,0.2,0.2,0.2,0.2,0.2,0.2,0.2,0.2,0.2,0.2,0,1,0.5,0.5,0.2,0.2,0.2,0.2,0.2,0.2,0.2,0.2,0.2,0.2,0,1,0.5,0.5,0.2,0.2,0.2,0.2,0.2,0.2,0.2,0.2,0.2,0.2
1,0,1,0,0,1,0,0,0,0.2,0.2,0.2,0.2,0.2,1,0,1,0,0,0,1,0,0,0.2,0.2,0.2,0.2,0.2,1,0,0,1,0.2,0.2,0.2,0.2,0.2,0,0,0,1,0,1,0,0,1,0.2,0.2,0.2,0.2,0.2,0,0,0,1,0,1,0,0,1,0.2,0.2,0.2,0.2,0.2,0,0,0,0,1,0,1,0.5,0.5,0.2,0.2,0.2,0.2,0.2,0.2,0.2,0.2,0.2,0.2,0,1,0.5,0.5,0.2,0.2,0.2,0.2,0.2,0.2,0.2,0.2,0.2,0.2,0,1,0.5,0.5,0.2,0.2,0.2,0.2,0.2,0.2,0.2,0.2,0.2,0.2,0,1,0.5,0.5,0.2,0.2,0.2,0.2,0.2,0.2,0.2,0.2,0.2,0.2,0,1,0.5,0.5,0.2,0.2,0.2,0.2,0.2,0.2,0.2,0.2,0.2,0.2
1,0,0.07662630928695045,0.9233736907130496,0,1,0,0,0,1,0,0,0,0,1,0,1,0,0,1,0,0,0,0.2,0.2,0.2,0.2,0.2,1,0,1,0,0,1,0,0,0,0.2,0.2,0.2,0.2,0.2,1,0,0,1,0.2,0.2,0.2,0.2,0.2,0,0,0,1,0,1,0,0,1,0.2,0.2,0.2,0.2,0.2,0,0,0,1,0,0,1,0.5,0.5,0.2,0.2,0.2,0.2,0.2,0.2,0.2,0.2,0.2,0.2,0,1,0.5,0.5,0.2,0.2,0.2,0.2,0.2,0.2,0.2,0.2,0.2,0.2,0,1,0.5,0.5,0.2,0.2,0.2,0.2,0.2,0.2,0.2,0.2,0.2,0.2,0,1,0.5,0.5,0.2,0.2,0.2,0.2,0.2,0.2,0.2,0.2,0.2,0.2,0,1,0.5,0.5,0.2,0.2,0.2,0.2,0.2,0.2,0.2,0.2,0.2,0.2
1,0,0.07662630928695045,0.9233736907130496,0,0,1,0,0,1,0,0,0,0,1,0,1,0,0,0,1,0,0,0.2,0.2,0.2,0.2,0.2,1,0,1,0,0,0,1,0,0,0.2,0.2,0.2,0.2,0.2,1,0,0,1,0.2,0.2,0.2,0.2,0.2,0,0,0,1,0,1,0,0,1,0.2,0.2,0.2,0.2,0.2,0,0,0,1,0,0,1,0.5,0.5,0.2,0.2,0.2,0.2,0.2,0.2,0.2,0.2,0.2,0.2,0,1,0.5,0.5,0.2,0.2,0.2,0.2,0.2,0.2,0.2,0.2,0.2,0.2,0,1,0.5,0.5,0.2,0.2,0.2,0.2,0.2,0.2,0.2,0.2,0.2,0.2,0,1,0.5,0.5,0.2,0.2,0.2,0.2,0.2,0.2,0.2,0.2,0.2,0.2,0,1,0.5,0.5,0.2,0.2,0.2,0.2,0.2,0.2,0.2,0.2,0.2,0.2
1,0,0,1,0.2,0.2,0.2,0.2,0.2,0,1,0,0,0,1,0,0,1,0.2,0.2,0.2,0.2,0.2,0,1,0,0,0,1,0,0,1,0.2,0.2,0.2,0.2,0.2,0,1,0,0,0,1,0,0,1,0.2,0.2,0.2,0.2,0.2,0,0,0,1,0,1,0,0,1,0.2,0.2,0.2,0.2,0.2,0,0,0,1,0,0,1,0.5,0.5,0.2,0.2,0.2,0.2,0.2,0.2,0.2,0.2,0.2,0.2,0,1,0.5,0.5,0.2,0.2,0.2,0.2,0.2,0.2,0.2,0.2,0.2,0.2,0,1,0.5,0.5,0.2,0.2,0.2,0.2,0.2,0.2,0.2,0.2,0.2,0.2,0,1,0.5,0.5,0.2,0.2,0.2,0.2,0.2,0.2,0.2,0.2,0.2,0.2,0,1,0.5,0.5,0.2,0.2,0.2,0.2,0.2,0.2,0.2,0.2,0.2,0.2
1,0,0.07662630928695045,0.9233736907130496,0,1,0,0,0,1,0,0,0,0,1,0,1,0,0,1,0,0,0,0.2,0.2,0.2,0.2,0.2,1,0,1,0,0,0,1,0,0,0.2,0.2,0.2,0.2,0.2,1,0,0,1,0.2,0.2,0.2,0.2,0.2,0,0,1,0,0,1,0,0,1,0.2,0.2,0.2,0.2,0.2,0,0,1,0,0,0,1,0.5,0.5,0.2,0.2,0.2,0.2,0.2,0.2,0.2,0.2,0.2,0.2,0,1,0.5,0.5,0.2,0.2,0.2,0.2,0.2,0.2,0.2,0.2,0.2,0.2,0,1,0.5,0.5,0.2,0.2,0.2,0.2,0.2,0.2,0.2,0.2,0.2,0.2,0,1,0.5,0.5,0.2,0.2,0.2,0.2,0.2,0.2,0.2,0.2,0.2,0.2,0,1,0.5,0.5,0.2,0.2,0.2,0.2,0.2,0.2,0.2,0.2,0.2,0.2
1,0,1,0,0,0,1,0,0,0.2,0.2,0.2,0.2,0.2,1,0,1,0,0,1,0,0,0,0.2,0.2,0.2,0.2,0.2,1,0,0,1,0.2,0.2,0.2,0.2,0.2,0,1,0,0,0,1,0,0,1,0.2,0.2,0.2,0.2,0.2,0,0,1,0,0,1,0,0,1,0.2,0.2,0.2,0.2,0.2,0,0,0,1,0,0,1,0.5,0.5,0.2,0.2,0.2,0.2,0.2,0.2,0.2,0.2,0.2,0.2,0,1,0.5,0.5,0.2,0.2,0.2,0.2,0.2,0.2,0.2,0.2,0.2,0.2,0,1,0.5,0.5,0.2,0.2,0.2,0.2,0.2,0.2,0.2,0.2,0.2,0.2,0,1,0.5,0.5,0.2,0.2,0.2,0.2,0.2,0.2,0.2,0.2,0.2,0.2,0,1,0.5,0.5,0.2,0.2,0.2,0.2,0.2,0.2,0.2,0.2,0.2,0.2
1,0,1,0,0,1,0,0,0,0.2,0.2,0.2,0.2,0.2,1,0,1,0,0,1,0,0,0,0.2,0.2,0.2,0.2,0.2,1,0,0,1,0.2,0.2,0.2,0.2,0.2,0,1,0,0,0,1,0,0,1,0.2,0.2,0.2,0.2,0.2,0,0,1,0,0,1,0,0,1,0.2,0.2,0.2,0.2,0.2,0,0,1,0,0,0,1,0.5,0.5,0.2,0.2,0.2,0.2,0.2,0.2,0.2,0.2,0.2,0.2,0,1,0.5,0.5,0.2,0.2,0.2,0.2,0.2,0.2,0.2,0.2,0.2,0.2,0,1,0.5,0.5,0.2,0.2,0.2,0.2,0.2,0.2,0.2,0.2,0.2,0.2,0,1,0.5,0.5,0.2,0.2,0.2,0.2,0.2,0.2,0.2,0.2,0.2,0.2,0,1,0.5,0.5,0.2,0.2,0.2,0.2,0.2,0.2,0.2,0.2,0.2,0.2
1,0,1,0,0,1,0,0,0,0.2,0.2,0.2,0.2,0.2,1,0,1,0,0,1,0,0,0,0.2,0.2,0.2,0.2,0.2,1,0,0,1,0.2,0.2,0.2,0.2,0.2,0,0,1,0,0,1,0,0,1,0.2,0.2,0.2,0.2,0.2,0,0,0,1,0,1,0,0,1,0.2,0.2,0.2,0.2,0.2,0,0,0,1,0,0,1,0.5,0.5,0.2,0.2,0.2,0.2,0.2,0.2,0.2,0.2,0.2,0.2,0,1,0.5,0.5,0.2,0.2,0.2,0.2,0.2,0.2,0.2,0.2,0.2,0.2,0,1,0.5,0.5,0.2,0.2,0.2,0.2,0.2,0.2,0.2,0.2,0.2,0.2,0,1,0.5,0.5,0.2,0.2,0.2,0.2,0.2,0.2,0.2,0.2,0.2,0.2,0,1,0.5,0.5,0.2,0.2,0.2,0.2,0.2,0.2,0.2,0.2,0.2,0.2
1,0,1,0,0,0,1,0,0,0.2,0.2,0.2,0.2,0.2,1,0,1,0,0,0,1,0,0,0.2,0.2,0.2,0.2,0.2,1,0,0,1,0.2,0.2,0.2,0.2,0.2,0,0,1,0,0,1,0,0,1,0.2,0.2,0.2,0.2,0.2,0,0,1,0,0,1,0,0,1,0.2,0.2,0.2,0.2,0.2,0,0,1,0,0,0,1,0.5,0.5,0.2,0.2,0.2,0.2,0.2,0.2,0.2,0.2,0.2,0.2,0,1,0.5,0.5,0.2,0.2,0.2,0.2,0.2,0.2,0.2,0.2,0.2,0.2,0,1,0.5,0.5,0.2,0.2,0.2,0.2,0.2,0.2,0.2,0.2,0.2,0.2,0,1,0.5,0.5,0.2,0.2,0.2,0.2,0.2,0.2,0.2,0.2,0.2,0.2,0,1,0.5,0.5,0.2,0.2,0.2,0.2,0.2,0.2,0.2,0.2,0.2,0.2
1,0,1,0,0,1,0,0,0,0.2,0.2,0.2,0.2,0.2,1,0,1,0,0,0,1,0,0,0.2,0.2,0.2,0.2,0.2,1,0,0,1,0.2,0.2,0.2,0.2,0.2,0,0,0,1,0,1,0,0,1,0.2,0.2,0.2,0.2,0.2,0,0,0,1,0,1,0,0,1,0.2,0.2,0.2,0.2,0.2,0,0,0,1,0,0,1,0.5,0.5,0.2,0.2,0.2,0.2,0.2,0.2,0.2,0.2,0.2,0.2,0,1,0.5,0.5,0.2,0.2,0.2,0.2,0.2,0.2,0.2,0.2,0.2,0.2,0,1,0.5,0.5,0.2,0.2,0.2,0.2,0.2,0.2,0.2,0.2,0.2,0.2,0,1,0.5,0.5,0.2,0.2,0.2,0.2,0.2,0.2,0.2,0.2,0.2,0.2,0,1,0.5,0.5,0.2,0.2,0.2,0.2,0.2,0.2,0.2,0.2,0.2,0.2
1,0,0.07662630928695045,0.9233736907130496,0,0,1,0,0,1,0,0,0,0,1,0,1,0,0,1,0,0,0,0.2,0.2,0.2,0.2,0.2,1,0,1,0,0,1,0,0,0,0.2,0.2,0.2,0.2,0.2,1,0,0,1,0.2,0.2,0.2,0.2,0.2,0,0,1,0,0,1,0,0,1,0.2,0.2,0.2,0.2,0.2,0,0,0,1,0,0,1,0.5,0.5,0.2,0.2,0.2,0.2,0.2,0.2,0.2,0.2,0.2,0.2,0,1,0.5,0.5,0.2,0.2,0.2,0.2,0.2,0.2,0.2,0.2,0.2,0.2,0,1,0.5,0.5,0.2,0.2,0.2,0.2,0.2,0.2,0.2,0.2,0.2,0.2,0,1,0.5,0.5,0.2,0.2,0.2,0.2,0.2,0.2,0.2,0.2,0.2,0.2,0,1,0.5,0.5,0.2,0.2,0.2,0.2,0.2,0.2,0.2,0.2,0.2,0.2
1,0,1,0,0,0,1,0,0,0.2,0.2,0.2,0.2,0.2,1,0,1,0,0,1,0,0,0,0.2,0.2,0.2,0.2,0.2,1,0,0,1,0.2,0.2,0.2,0.2,0.2,0,0,1,0,0,1,0,0,1,0.2,0.2,0.2,0.2,0.2,0,0,0,1,0,1,0,0,1,0.2,0.2,0.2,0.2,0.2,0,0,0,1,0,0,1,0.5,0.5,0.2,0.2,0.2,0.2,0.2,0.2,0.2,0.2,0.2,0.2,0,1,0.5,0.5,0.2,0.2,0.2,0.2,0.2,0.2,0.2,0.2,0.2,0.2,0,1,0.5,0.5,0.2,0.2,0.2,0.2,0.2,0.2,0.2,0.2,0.2,0.2,0,1,0.5,0.5,0.2,0.2,0.2,0.2,0.2,0.2,0.2,0.2,0.2,0.2,0,1,0.5,0.5,0.2,0.2,0.2,0.2,0.2,0.2,0.2,0.2,0.2,0.2
1,0,1,0,0,1,0,0,0,0.2,0.2,0.2,0.2,0.2,1,0,1,0,0,1,0,0,0,0.2,0.2,0.2,0.2,0.2,1,0,0,1,0.2,0.2,0.2,0.2,0.2,0,0,1,0,0,1,0,0,1,0.2,0.2,0.2,0.2,0.2,0,0,1,0,0,1,0,0,1,0.2,0.2,0.2,0.2,0.2,0,0,1,0,0,0,1,0.5,0.5,0.2,0.2,0.2,0.2,0.2,0.2,0.2,0.2,0.2,0.2,0,1,0.5,0.5,0.2,0.2,0.2,0.2,0.2,0.2,0.2,0.2,0.2,0.2,0,1,0.5,0.5,0.2,0.2,0.2,0.2,0.2,0.2,0.2,0.2,0.2,0.2,0,1,0.5,0.5,0.2,0.2,0.2,0.2,0.2,0.2,0.2,0.2,0.2,0.2,0,1,0.5,0.5,0.2,0.2,0.2,0.2,0.2,0.2,0.2,0.2,0.2,0.2
1,0,1,0,0,1,0,0,0,0.2,0.2,0.2,0.2,0.2,1,0,1,0,0,0,1,0,0,0.2,0.2,0.2,0.2,0.2,1,0,0,1,0.2,0.2,0.2,0.2,0.2,0,0,1,0,0,1,0,0,1,0.2,0.2,0.2,0.2,0.2,0,0,1,0,0,1,0,0,1,0.2,0.2,0.2,0.2,0.2,0,0,0,1,0,0,1,0.5,0.5,0.2,0.2,0.2,0.2,0.2,0.2,0.2,0.2,0.2,0.2,0,1,0.5,0.5,0.2,0.2,0.2,0.2,0.2,0.2,0.2,0.2,0.2,0.2,0,1,0.5,0.5,0.2,0.2,0.2,0.2,0.2,0.2,0.2,0.2,0.2,0.2,0,1,0.5,0.5,0.2,0.2,0.2,0.2,0.2,0.2,0.2,0.2,0.2,0.2,0,1,0.5,0.5,0.2,0.2,0.2,0.2,0.2,0.2,0.2,0.2,0.2,0.2
1,0,0.07662630928695045,0.9233736907130496,0,0,1,0,0,1,0,0,0,0,1,0,1,0,0,0,1,0,0,0.2,0.2,0.2,0.2,0.2,1,0,1,0,0,1,0,0,0,0.2,0.2,0.2,0.2,0.2,1,0,0,1,0.2,0.2,0.2,0.2,0.2,0,0,1,0,0,1,0,0,1,0.2,0.2,0.2,0.2,0.2,0,0,0,1,0,0,1,0.5,0.5,0.2,0.2,0.2,0.2,0.2,0.2,0.2,0.2,0.2,0.2,0,1,0.5,0.5,0.2,0.2,0.2,0.2,0.2,0.2,0.2,0.2,0.2,0.2,0,1,0.5,0.5,0.2,0.2,0.2,0.2,0.2,0.2,0.2,0.2,0.2,0.2,0,1,0.5,0.5,0.2,0.2,0.2,0.2,0.2,0.2,0.2,0.2,0.2,0.2,0,1,0.5,0.5,0.2,0.2,0.2,0.2,0.2,0.2,0.2,0.2,0.2,0.2
1,0,1,0,0,0,1,0,0,0.2,0.2,0.2,0.2,0.2,1,0,1,0,0,0,1,0,0,0.2,0.2,0.2,0.2,0.2,1,0,0,1,0.2,0.2,0.2,0.2,0.2,0,0,1,0,0,1,0,0,1,0.2,0.2,0.2,0.2,0.2,0,0,0,0,1,1,0,0,1,0.2,0.2,0.2,0.2,0.2,0,0,0,0,1,0,1,0.5,0.5,0.2,0.2,0.2,0.2,0.2,0.2,0.2,0.2,0.2,0.2,0,1,0.5,0.5,0.2,0.2,0.2,0.2,0.2,0.2,0.2,0.2,0.2,0.2,0,1,0.5,0.5,0.2,0.2,0.2,0.2,0.2,0.2,0.2,0.2,0.2,0.2,0,1,0.5,0.5,0.2,0.2,0.2,0.2,0.2,0.2,0.2,0.2,0.2,0.2,0,1,0.5,0.5,0.2,0.2,0.2,0.2,0.2,0.2,0.2,0.2,0.2,0.2
1,0,1,0,0,0,1,0,0,0.2,0.2,0.2,0.2,0.2,1,0,1,0,0,1,0,0,0,0.2,0.2,0.2,0.2,0.2,1,0,0,1,0.2,0.2,0.2,0.2,0.2,0,1,0,0,0,1,0,0,1,0.2,0.2,0.2,0.2,0.2,0,0,1,0,0,1,0,0,1,0.2,0.2,0.2,0.2,0.2,0,0,1,0,0,0,1,0.5,0.5,0.2,0.2,0.2,0.2,0.2,0.2,0.2,0.2,0.2,0.2,0,1,0.5,0.5,0.2,0.2,0.2,0.2,0.2,0.2,0.2,0.2,0.2,0.2,0,1,0.5,0.5,0.2,0.2,0.2,0.2,0.2,0.2,0.2,0.2,0.2,0.2,0,1,0.5,0.5,0.2,0.2,0.2,0.2,0.2,0.2,0.2,0.2,0.2,0.2,0,1,0.5,0.5,0.2,0.2,0.2,0.2,0.2,0.2,0.2,0.2,0.2,0.2
0,1,0.5,0.5,0.2,0.2,0.2,0.2,0.2,0.2,0.2,0.2,0.2,0.2,0.6500499491262494,0.3499500508737507,0,1,0.2,0.2,0.2,0.2,0.2,1,0,0,0,0,1,0,0,1,0.2,0.2,0.2,0.2,0.2,1,0,0,0,0,1,0,0.9065482620088157,0.09345173799118431,0,1,0,0,0,1,0,0,0,0,1,0,0,1,0.2,0.2,0.2,0.2,0.2,0,0,0,1,0,1,0,0.17953797790802434,0.8204620220919757,0,1,0,0,0,1,0,0,0,0,0.248193427635799,0.751806572364201,1,0,0,1,0,0,0,0.2,0.2,0.2,0.2,0.2,0,1,0.5,0.5,0.2,0.2,0.2,0.2,0.2,0.2,0.2,0.2,0.2,0.2,0,1,0.5,0.5,0.2,0.2,0.2,0.2,0.2,0.2,0.2,0.2,0.2,0.2,0,1,0.5,0.5,0.2,0.2,0.2,0.2,0.2,0.2,0.2,0.2,0.2,0.2
1,0,0.07662630928695045,0.9233736907130496,0,1,0,0,0,1,0,0,0,0,1,0,1,0,0,0,1,0,0,0.2,0.2,0.2,0.2,0.2,1,0,1,0,0,0,1,0,0,0.2,0.2,0.2,0.2,0.2,1,0,0,1,0.2,0.2,0.2,0.2,0.2,0,0,1,0,0,1,0,0,1,0.2,0.2,0.2,0.2,0.2,0,0,0,1,0,0,1,0.5,0.5,0.2,0.2,0.2,0.2,0.2,0.2,0.2,0.2,0.2,0.2,0,1,0.5,0.5,0.2,0.2,0.2,0.2,0.2,0.2,0.2,0.2,0.2,0.2,0,1,0.5,0.5,0.2,0.2,0.2,0.2,0.2,0.2,0.2,0.2,0.2,0.2,0,1,0.5,0.5,0.2,0.2,0.2,0.2,0.2,0.2,0.2,0.2,0.2,0.2,0,1,0.5,0.5,0.2,0.2,0.2,0.2,0.2,0.2,0.2,0.2,0.2,0.2
1,0,1,0,0,1,0,0,0,0.2,0.2,0.2,0.2,0.2,1,0,0,1,0.2,0.2,0.2,0.2,0.2,0,1,0,0,0,1,0,0,1,0.2,0.2,0.2,0.2,0.2,0,0,1,0,0,1,0,0,1,0.2,0.2,0.2,0.2,0.2,0,0,0,1,0,1,0,0,1,0.2,0.2,0.2,0.2,0.2,0,0,0,1,0,0,1,0.5,0.5,0.2,0.2,0.2,0.2,0.2,0.2,0.2,0.2,0.2,0.2,0,1,0.5,0.5,0.2,0.2,0.2,0.2,0.2,0.2,0.2,0.2,0.2,0.2,0,1,0.5,0.5,0.2,0.2,0.2,0.2,0.2,0.2,0.2,0.2,0.2,0.2,0,1,0.5,0.5,0.2,0.2,0.2,0.2,0.2,0.2,0.2,0.2,0.2,0.2,0,1,0.5,0.5,0.2,0.2,0.2,0.2,0.2,0.2,0.2,0.2,0.2,0.2
1,0,1,0,0,0,1,0,0,0.2,0.2,0.2,0.2,0.2,1,0,1,0,0,0,1,0,0,0.2,0.2,0.2,0.2,0.2,1,0,0,1,0.2,0.2,0.2,0.2,0.2,0,1,0,0,0,1,0,0,1,0.2,0.2,0.2,0.2,0.2,0,0,0,1,0,1,0,0,1,0.2,0.2,0.2,0.2,0.2,0,0,0,1,0,0,1,0.5,0.5,0.2,0.2,0.2,0.2,0.2,0.2,0.2,0.2,0.2,0.2,0,1,0.5,0.5,0.2,0.2,0.2,0.2,0.2,0.2,0.2,0.2,0.2,0.2,0,1,0.5,0.5,0.2,0.2,0.2,0.2,0.2,0.2,0.2,0.2,0.2,0.2,0,1,0.5,0.5,0.2,0.2,0.2,0.2,0.2,0.2,0.2,0.2,0.2,0.2,0,1,0.5,0.5,0.2,0.2,0.2,0.2,0.2,0.2,0.2,0.2,0.2,0.2
1,0,1,0,0,1,0,0,0,0.2,0.2,0.2,0.2,0.2,1,0,1,0,0,1,0,0,0,0.2,0.2,0.2,0.2,0.2,1,0,0,1,0.2,0.2,0.2,0.2,0.2,0,0,1,0,0,1,0,0,1,0.2,0.2,0.2,0.2,0.2,0,0,0,1,0,1,0,0,1,0.2,0.2,0.2,0.2,0.2,0,0,0,0,1,0,1,0.5,0.5,0.2,0.2,0.2,0.2,0.2,0.2,0.2,0.2,0.2,0.2,0,1,0.5,0.5,0.2,0.2,0.2,0.2,0.2,0.2,0.2,0.2,0.2,0.2,0,1,0.5,0.5,0.2,0.2,0.2,0.2,0.2,0.2,0.2,0.2,0.2,0.2,0,1,0.5,0.5,0.2,0.2,0.2,0.2,0.2,0.2,0.2,0.2,0.2,0.2,0,1,0.5,0.5,0.2,0.2,0.2,0.2,0.2,0.2,0.2,0.2,0.2,0.2
