"OptionSet","Seconds","Filter","All","NoDispute","DisputeArises","LitigQuality","PFiles","DAnswers","PBargains1","DBargains1","POffer1","DOffer1","POfferMixedness1","DOfferMixedness1","Settles1","PBet1","DBet1","PBetMixedness1","DBetMixedness1","PAbandons1","DDefaults1","Trial","PWinPct","PWealth","DWealth","PWelfare","DWelfare","TotExpense","False+","False-","False+-","False+^2","False-^2","PDSWelfare","Chips","Settles","ValIfSettled","PAbandons","DDefaults","BothReadyToGiveUp","TrulyLiable","PrimaryAction","MutualOptimism","P Files","D Answers","PDoesntFile","DDoesntAnswer","SettlesBR1","PAbandonsBR1","DDefaultsBR1","P Loses","P Wins"
"FSA Costs Multiplier 0.5 Fee Shifting Multiplier 1 Moderately Risk Averse Case Strength Noise 0.175","2","All",1,0,1,0.500008,0.77896,0.658254,1,1,0.587923,0.54426,,,0.531991,,,,,0.0524758,0.0524749,0.017932,0.500007,10.4329,9.45659,1000.07,999.37,0.110481,0.065834,0.0771276,0.142962,0.02383,0.0252614,0,0,0.531991,0.580576,0.0541659,0.0541651,0.00338024,0.50001,0,3.61966E-05,0.77896,0.658254,0.22104,0.120706,0.531991,0.0524758,0.0524749,0.00896569,0.008966
"FSA Costs Multiplier 0.5 Fee Shifting Multiplier 1 Moderately Risk Averse Case Strength Noise 0.175","2","NoDispute",0,0,0,,,,,,,,,,,,,,,,,,,,,,,,,,,,,,,,,,,,,,,,,,,,,,,
"FSA Costs Multiplier 0.5 Fee Shifting Multiplier 1 Moderately Risk Averse Case Strength Noise 0.175","2","DisputeArises",1,0,1,0.500008,0.77896,0.658254,1,1,0.587923,0.54426,,,0.531991,,,,,0.0524758,0.0524749,0.017932,0.500007,10.4329,9.45659,1000.07,999.37,0.110481,0.065834,0.0771276,0.142962,0.02383,0.0252614,0,0,0.531991,0.580576,0.0541659,0.0541651,0.00338024,0.50001,0,3.61966E-05,0.77896,0.658254,0.22104,0.120706,0.531991,0.0524758,0.0524749,0.00896569,0.008966
"FSA Costs Multiplier 0.5 Fee Shifting Multiplier 1 Moderately Risk Averse Case Strength Noise 0.175","2","PFiles",0.779,0,0.77896,0.60941,1,0.845042,1,1,0.587923,0.54426,,,0.682951,,,,,0.0673664,0.0673654,0.02302,0.500007,10.5558,9.30239,1000.1,999.192,0.141831,0.0845153,0.0975156,0.182031,0.0305921,0.0309318,0,0,0.682951,0.580576,0.0695361,0.0695351,0.00433942,0.640396,0,0.343356,1,0.845042,0,0.154958,0.682951,0.0673664,0.0673654,0.0115098,0.0115102
"FSA Costs Multiplier 0.5 Fee Shifting Multiplier 1 Moderately Risk Averse Case Strength Noise 0.175","2","DAnswers",0.6583,0,0.658254,0.557123,1,1,1,1,0.587923,0.54426,,,0.808186,,,,,0.0797196,0.0797184,0.027241,0.500007,10.4881,9.35784,1000.08,999.262,0.154086,0.0996179,0.101674,0.201292,0.0358067,0.0355746,0,0,0.808186,0.580576,0.0822872,0.082286,0.00513516,0.574849,0,0.700351,1,1,0,0,0.808186,0.0797196,0.0797184,0.0136204,0.0136208
"FSA Costs Multiplier 0.5 Fee Shifting Multiplier 1 Moderately Risk Averse Case Strength Noise 0.175","2","Litigated",0.6583,0,0.658254,0.557123,1,1,1,1,0.587923,0.54426,,,0.808186,,,,,0.0797196,0.0797184,0.027241,0.500007,10.4881,9.35784,1000.08,999.262,0.154086,0.0996179,0.101674,0.201292,0.0358067,0.0355746,0,0,0.808186,0.580576,0.0822872,0.082286,0.00513516,0.574849,0,0.700351,1,1,0,0,0.808186,0.0797196,0.0797184,0.0136204,0.0136208
"FSA Costs Multiplier 0.5 Fee Shifting Multiplier 1 Moderately Risk Averse Case Strength Noise 0.175","2","Not Litigated",0.3417,0,0.341746,0.389994,0.353205,0,1,1,,,,,0,,,,,0,0,0,,10.3267,9.6468,1000.06,999.579,0.0264904,0.0007612,0.0298475,0.0306087,0.000761242,0.00539668,0,0,0,,0,0,0,0.355858,0,-1.34887,0.353205,0,0.646795,0.353205,0,0,0,0,0
"FSA Costs Multiplier 0.5 Fee Shifting Multiplier 1 Moderately Risk Averse Case Strength Noise 0.175","2","Settles",0.532,0,0.531991,0.571167,1,1,1,1,0.543986,0.617166,,,1,,,,,0,0,0,,10.5056,9.34442,1000.09,999.273,0.15,0.0926291,0.10744,0.200069,0.0280276,0.0305324,0,0,1,0.580576,0,0,0,0.59346,0,0.147083,1,1,0,0,1,0,0,0,0
"FSA Costs Multiplier 0.5 Fee Shifting Multiplier 1 Moderately Risk Averse Case Strength Noise 0.175","2","Tried",0.0179,0,0.0179316,0.500005,1,1,1,1,0.95,0.05,,,0,,,,,0,0,1,0.500007,10.35,9.34999,1000,998.837,0.3,0.227002,0.100103,0.327105,0.168201,0.130134,0,0,0,,0,0,0,0.500009,0,4.7796,1,1,0,0,0,0,0,0.499993,0.500007
"FSA Costs Multiplier 0.5 Fee Shifting Multiplier 1 Moderately Risk Averse Case Strength Noise 0.175","2","PWins",0.009,0,0.00896595,0.701904,1,1,1,1,0.95,0.05,,,0,,,,,0,0,1,1,11,8.7,1000.16,997.675,0.3,0.453998,0,0.453998,0.336397,0,0,0,0,,0,0,0,0.846002,0,4.77959,1,1,0,0,0,0,0,0,1
"FSA Costs Multiplier 0.5 Fee Shifting Multiplier 1 Moderately Risk Averse Case Strength Noise 0.175","2","DWins",0.009,0,0.00896569,0.2981,1,1,1,1,0.95,0.05,,,0,,,,,0,0,1,0,9.7,10,999.847,1000,0.3,0,0.200209,0.200209,0,0.260272,0,0,0,,0,0,0,0.154007,0,4.77962,1,1,0,0,0,0,0,1,0
"FSA Costs Multiplier 0.5 Fee Shifting Multiplier 1 Moderately Risk Averse Case Strength Noise 0.175","2","Abandoned",0.1083,0,0.108331,0.497615,1,1,1,1,0.743758,0.268045,,,0,,,,,0.484402,0.484395,0,,10.425,9.425,1000.06,999.277,0.15,0.112853,0.0736183,0.186472,0.0520934,0.0446838,0,0,0,,0.500004,0.499996,0.0312029,0.495841,0,2.74211,1,1,0,0,0,0.484402,0.484395,0,0
"FSA Costs Multiplier 0.5 Fee Shifting Multiplier 1 Moderately Risk Averse Case Strength Noise 0.175","2","Rounds1",0.6549,0,0.654874,0.557813,1,1,1,1,0.588119,0.546811,,,0.812357,,,,,0.0801311,0.0801299,0.027382,0.500007,10.4884,9.35749,1000.08,999.262,0.154107,0.0981816,0.10111,0.199292,0.0340883,0.0346591,0,0,0.812357,0.580576,0.0801311,0.0801299,0,0.575923,0,0.701614,1,1,0,0,0.812357,0.0801311,0.0801299,0.0136907,0.0136911
"FSA Costs Multiplier 0.5 Fee Shifting Multiplier 1 Moderately Risk Averse Case Strength Noise 0.175","2","PrePrimary1",0,0,0,,,,,,,,,,,,,,,,,,,,,,,,,,,,,,,,,,,,,,,,,,,,,,,
"FSA Costs Multiplier 0.5 Fee Shifting Multiplier 1 Moderately Risk Averse Case Strength Noise 0.175","2","PrePrimary2",0,0,0,,,,,,,,,,,,,,,,,,,,,,,,,,,,,,,,,,,,,,,,,,,,,,,
"FSA Costs Multiplier 0.5 Fee Shifting Multiplier 1 Moderately Risk Averse Case Strength Noise 0.175","2","PrePrimary3",0,0,0,,,,,,,,,,,,,,,,,,,,,,,,,,,,,,,,,,,,,,,,,,,,,,,
"FSA Costs Multiplier 0.5 Fee Shifting Multiplier 1 Moderately Risk Averse Case Strength Noise 0.175","2","PrePrimary4",0,0,0,,,,,,,,,,,,,,,,,,,,,,,,,,,,,,,,,,,,,,,,,,,,,,,
"FSA Costs Multiplier 0.5 Fee Shifting Multiplier 1 Moderately Risk Averse Case Strength Noise 0.175","2","PrePrimary5",0,0,0,,,,,,,,,,,,,,,,,,,,,,,,,,,,,,,,,,,,,,,,,,,,,,,
"FSA Costs Multiplier 0.5 Fee Shifting Multiplier 1 Moderately Risk Averse Case Strength Noise 0.175","2","PrePrimary6",0,0,0,,,,,,,,,,,,,,,,,,,,,,,,,,,,,,,,,,,,,,,,,,,,,,,
"FSA Costs Multiplier 0.5 Fee Shifting Multiplier 1 Moderately Risk Averse Case Strength Noise 0.175","2","PrePrimary7",0,0,0,,,,,,,,,,,,,,,,,,,,,,,,,,,,,,,,,,,,,,,,,,,,,,,
"FSA Costs Multiplier 0.5 Fee Shifting Multiplier 1 Moderately Risk Averse Case Strength Noise 0.175","2","PrePrimary8",0,0,0,,,,,,,,,,,,,,,,,,,,,,,,,,,,,,,,,,,,,,,,,,,,,,,
"FSA Costs Multiplier 0.5 Fee Shifting Multiplier 1 Moderately Risk Averse Case Strength Noise 0.175","2","PrePrimary9",0,0,0,,,,,,,,,,,,,,,,,,,,,,,,,,,,,,,,,,,,,,,,,,,,,,,
"FSA Costs Multiplier 0.5 Fee Shifting Multiplier 1 Moderately Risk Averse Case Strength Noise 0.175","2","PrePrimary10",0,0,0,,,,,,,,,,,,,,,,,,,,,,,,,,,,,,,,,,,,,,,,,,,,,,,
"FSA Costs Multiplier 0.5 Fee Shifting Multiplier 1 Moderately Risk Averse Case Strength Noise 0.175","2","Truly Liable",0.5,0,0.50001,0.856551,0.997666,0.756779,1,1,0.868975,0.8424,,,0.631419,,,,,0.00665323,0.0982952,0.017932,0.845998,10.8457,9.01998,1000.15,998.812,0.134273,0.0248819,0.154252,0.179134,0.00224684,0.0505218,0,0,0.631419,0.89396,0.00789288,0.0995349,0.00247929,1,0,6.71708E-05,0.997666,0.756779,0.00233352,0.240888,0.631419,0.00665323,0.0982952,0.00276151,0.0151701
"FSA Costs Multiplier 0.5 Fee Shifting Multiplier 1 Moderately Risk Averse Case Strength Noise 0.175","2","Truly Not Liable",0.5,0,0.49999,0.143451,0.560246,0.559725,1,1,0.207912,0.141143,,,0.43256,,,,,0.0983,0.00665289,0.017932,0.154003,10.0201,9.89321,1000,999.929,0.0866876,0.106788,0,0.106788,0.0454141,0,0,0,0.43256,0.123103,0.100441,0.0087935,0.00428122,0,0,5.22117E-06,0.560246,0.559725,0.439754,0.000520313,0.43256,0.0983,0.00665289,0.0151701,0.0027615
"FSA Costs Multiplier 0.5 Fee Shifting Multiplier 1 Moderately Risk Averse Case Strength Noise 0.175","2","AllCount",2740,0,2740,0.500008,2134.35,1803.62,2740,2740,0.587923,0.54426,,,1457.66,,,,,143.784,143.781,49.1327,320.005,10.4329,9.45659,1000.07,999.37,0.110481,0.065834,0.0771276,0.142962,0.02383,0.0252614,0,0,1457.66,0.580576,148.415,148.412,9.26185,1370.03,0,3.61966E-05,2134.35,1803.62,605.649,330.735,1457.66,143.784,143.781,24.566,24.5667
"FSA Costs Multiplier 0.5 Fee Shifting Multiplier 1 Moderately Risk Averse Case Strength Noise 0.175","2","Liability Strength1",0.2161,0,0.216141,0.05,0.436894,0.436887,1,1,0.131132,0.0785214,,,0.373288,,,,,0.0577926,0.000308131,0.004642,0.0204164,9.99272,9.94105,999.996,999.972,0.0662299,0.0589524,6.059E-07,0.058953,0.0113285,6.12533E-07,0,0,0.373288,0.0687614,0.0582205,0.000736041,0.00085582,6.01522E-07,0,-7.90144E-07,0.436894,0.436887,0.563106,7.05389E-06,0.373288,0.0577926,0.000308131,0.0045474,9.4777E-5
"FSA Costs Multiplier 0.5 Fee Shifting Multiplier 1 Moderately Risk Averse Case Strength Noise 0.175","2","Liability Strength2",0.1573,0,0.157305,0.15,0.569951,0.569894,1,1,0.180922,0.111928,,,0.446997,,,,,0.104309,0.00190782,0.013635,0.0517848,10.0017,9.91078,999.997,999.951,0.0875336,0.0892154,1.4526E-5,0.0892299,0.0259629,1.46861E-05,0,0,0.446997,0.0964024,0.105832,0.00343047,0.0030453,1.45507E-05,0,4.93916E-06,0.569951,0.569894,0.430049,5.72464E-05,0.446997,0.104309,0.00190782,0.0129287,0.0007061
"FSA Costs Multiplier 0.5 Fee Shifting Multiplier 1 Moderately Risk Averse Case Strength Noise 0.175","2","Liability Strength3",0.0833,0,0.0833388,0.25,0.708476,0.708089,1,1,0.254023,0.174014,,,0.501217,,,,,0.155787,0.00932478,0.033371,0.118043,10.0374,9.85131,1000,999.897,0.111248,0.148641,0.000338,0.148979,0.0686321,0.000339126,0,0,0.501217,0.157739,0.159982,0.0135192,0.00838876,0.00035111,0,1.19416E-05,0.708476,0.708089,0.291524,0.000386859,0.501217,0.155787,0.00932478,0.0294322,0.0039393
"FSA Costs Multiplier 0.5 Fee Shifting Multiplier 1 Moderately Risk Averse Case Strength Noise 0.175","2","Liability Strength4",0.0324,0,0.032374,0.35,0.830758,0.828678,1,1,0.35413,0.273905,,,0.53502,,,,,0.179459,0.0337506,0.063772,0.235625,10.1327,9.73327,1000.02,999.767,0.134023,0.26456,0.0072799,0.27184,0.174532,0.00711778,0,0,0.53502,0.272254,0.187797,0.0420887,0.0166761,0.00839389,0,1.98276E-05,0.830758,0.828678,0.169242,0.00207971,0.53502,0.179459,0.0337506,0.0487456,0.0150262
"FSA Costs Multiplier 0.5 Fee Shifting Multiplier 1 Moderately Risk Averse Case Strength Noise 0.175","2","Liability Strength5",0.0108,0,0.0108319,0.45,0.918456,0.909836,1,1,0.478224,0.408429,,,0.562529,,,,,0.149278,0.0858023,0.089716,0.404463,10.3098,9.53965,1000.05,999.524,0.150579,0.385692,0.116865,0.502556,0.313605,0.107143,0,0,0.562529,0.437294,0.160534,0.0970578,0.0225111,0.169313,0,3.07704E-05,0.918456,0.909836,0.0815438,0.0086198,0.562529,0.149278,0.0858023,0.0534292,0.0362869
"FSA Costs Multiplier 0.5 Fee Shifting Multiplier 1 Moderately Risk Averse Case Strength Noise 0.175","2","Liability Strength6",0.0108,0,0.0108319,0.55,0.968002,0.940644,1,1,0.61248,0.557016,,,0.595933,,,,,0.0858091,0.149268,0.089717,0.595537,10.53,9.31342,1000.1,999.221,0.156606,0.142491,0.390444,0.532935,0.111515,0.311438,0,0,0.595933,0.615369,0.0957677,0.159226,0.0199172,0.830687,0,4.3625E-05,0.968002,0.940644,0.0319981,0.0273574,0.595933,0.0858091,0.149268,0.0362872,0.0534297
"FSA Costs Multiplier 0.5 Fee Shifting Multiplier 1 Moderately Risk Averse Case Strength Noise 0.175","2","Liability Strength7",0.0324,0,0.0323742,0.65,0.989787,0.922117,1,1,0.735161,0.691768,,,0.633592,,,,,0.0337534,0.179449,0.063773,0.764375,10.711,9.13607,1000.13,998.975,0.152959,0.0429471,0.286603,0.329551,0.01262,0.173993,0,0,0.633592,0.762778,0.0395284,0.185224,0.0115499,0.991606,0,5.24806E-05,0.989787,0.922117,0.0102134,0.0676692,0.633592,0.0337534,0.179449,0.0150266,0.0487468
"FSA Costs Multiplier 0.5 Fee Shifting Multiplier 1 Moderately Risk Averse Case Strength Noise 0.175","2","Liability Strength8",0.0833,0,0.0833405,0.75,0.997304,0.862387,1,1,0.828421,0.794367,,,0.659361,,,,,0.00932551,0.15578,0.033372,0.881957,10.815,9.04047,1000.15,998.84,0.144483,0.0324222,0.184886,0.217308,0.00415859,0.071867,0,0,0.659361,0.858591,0.0115995,0.158054,0.00454795,0.999649,0,5.87027E-05,0.997304,0.862387,0.00269585,0.134917,0.659361,0.00932551,0.15578,0.00393937,0.0294329
"FSA Costs Multiplier 0.5 Fee Shifting Multiplier 1 Moderately Risk Averse Case Strength Noise 0.175","2","Liability Strength9",0.1573,0,0.15731,0.85,0.999394,0.773677,1,1,0.887973,0.86231,,,0.652536,,,,,0.00190795,0.104305,0.013635,0.948215,10.8628,9.00214,1000.15,998.786,0.135026,0.0255256,0.137165,0.162691,0.00211262,0.0316406,0,0,0.652536,0.909343,0.00255407,0.104951,0.00129224,0.999985,0,6.68221E-05,0.999394,0.773677,0.000605969,0.225717,0.652536,0.00190795,0.104305,0.00070608,0.0129288
"FSA Costs Multiplier 0.5 Fee Shifting Multiplier 1 Moderately Risk Averse Case Strength Noise 0.175","2","Liability Strength10",0.2162,0,0.216153,0.95,0.99988,0.670187,1,1,0.920854,0.902935,,,0.607161,,,,,0.000308148,0.0577907,0.004642,0.979584,10.8839,8.99018,1000.15,998.771,0.125951,0.0197845,0.116129,0.135914,0.00108761,0.0178879,0,0,0.607161,0.932813,0.000450254,0.0579328,0.000284212,0.999999,0,7.4227E-05,0.99988,0.670187,0.000120034,0.329693,0.607161,0.000308148,0.0577907,9.4775E-05,0.0045473
"FSA Costs Multiplier 0.5 Fee Shifting Multiplier 1 Moderately Risk Averse Case Strength Noise 0.175","2","PLiabilitySignal1",0.1208,0,0.12084,0.105788,0,0,1,1,,,,,0,,,,,0,0,0,,10,10,1000,1000,0,0,0.0025215,0.00252148,0,0.00252148,0,0,0,,0,0,0,0.00252148,0,-1.61111,0,0,1,0,0,0,0,0,0
"FSA Costs Multiplier 0.5 Fee Shifting Multiplier 1 Moderately Risk Averse Case Strength Noise 0.175","2","PLiabilitySignal2",0.1253,0,0.12526,0.124931,0.200066,0.19987,1,1,0.05,0.114177,,,0.19987,,,,,0,0,0,,10.0016,9.96841,1000,999.985,0.0299952,0.0307834,0.008041,0.0388244,0.00644446,0.00776955,0,0,0.19987,0.0820885,0,0,0,0.0086037,0,-0.72593,0.200066,0.19987,0.799934,0.000196065,0.19987,0,0,0,0
"FSA Costs Multiplier 0.5 Fee Shifting Multiplier 1 Moderately Risk Averse Case Strength Noise 0.175","2","PLiabilitySignal3",0.108,0,0.10801,0.15748,1,0.9962,1,1,0.05,0.137304,,,0.9962,,,,,0,0,0,,10.0221,9.82819,1000,999.913,0.149715,0.15615,0.0196202,0.17577,0.0349517,0.0144442,0,0,0.9962,0.093652,0,0,0,0.030901,0,0.06025,1,0.9962,0,0.0038,0.9962,0,0,0,0
"FSA Costs Multiplier 0.5 Fee Shifting Multiplier 1 Moderately Risk Averse Case Strength Noise 0.175","2","PLiabilitySignal4",0.082,0,0.08203,0.227699,1,0.98419,1,1,0.05,0.195083,,,0.98419,,,,,0,0,0,,10.0614,9.78977,1000.01,999.878,0.148814,0.150678,0.0658721,0.21655,0.0365622,0.0466416,0,0,0.98419,0.122541,0,0,0,0.110053,0,0.55661,1,0.98419,0,0.01581,0.98419,0,0,0,0
"FSA Costs Multiplier 0.5 Fee Shifting Multiplier 1 Moderately Risk Averse Case Strength Noise 0.175","2","PLiabilitySignal5",0.0639,0,0.06385,0.385937,1,0.94388,1,1,0.55,0.338531,,,0.368958,,,,,0.5461,0,0,,10.2424,9.61182,1000.04,999.654,0.145791,0.134585,0.123395,0.25798,0.072311,0.0652506,0,0,0.368958,0.669065,0.560511,0.0144112,0.0288225,0.331665,0,0.36747,1,0.94388,0,0.05612,0.368958,0.5461,0,0,0
"FSA Costs Multiplier 0.5 Fee Shifting Multiplier 1 Moderately Risk Averse Case Strength Noise 0.175","2","PLiabilitySignal6",0.0639,0,0.06385,0.61407,1,0.86923,1,1,0.55,0.568634,,,0.569352,,,,,0.27576,0,0,,10.464,9.39577,1000.09,999.421,0.140192,0.0767734,0.230929,0.307702,0.0439598,0.112745,0,0,0.569352,0.695899,0.287819,0.0120589,0.0241178,0.668345,0,-0.36756,1,0.86923,0,0.13077,0.569352,0.27576,0,0,0
"FSA Costs Multiplier 0.5 Fee Shifting Multiplier 1 Moderately Risk Averse Case Strength Noise 0.175","2","PLiabilitySignal7",0.082,0,0.08203,0.772301,1,0.80377,1,1,0.95,0.745345,,,0.54528,,,,,0,0.15385,0.10464,0.324862,10.8137,9.03528,1000.13,998.781,0.150979,0.0807164,0.0990475,0.179764,0.060107,0.020238,0,0,0.54528,0.95,0,0.15385,0,0.889947,0,-0.55661,1,0.80377,0,0.19623,0.54528,0,0.15385,0.0706465,0.0339935
"FSA Costs Multiplier 0.5 Fee Shifting Multiplier 1 Moderately Risk Averse Case Strength Noise 0.175","2","PLiabilitySignal8",0.108,0,0.10801,0.842514,1,0.76518,1,1,0.95,0.823644,,,0.5932,,,,,0,0.1293,0.04268,0.539852,10.873,8.9882,1000.15,998.734,0.13879,0.0465556,0.105393,0.151949,0.0216658,0.0177127,0,0,0.5932,0.95,0,0.1293,0,0.96909,0,-0.06016,1,0.76518,0,0.23482,0.5932,0,0.1293,0.0196391,0.0230409
"FSA Costs Multiplier 0.5 Fee Shifting Multiplier 1 Moderately Risk Averse Case Strength Noise 0.175","2","PLiabilitySignal9",0.1253,0,0.12526,0.875069,1,0.74161,1,1,0.95,0.855057,,,0.6073,,,,,0,0.11141,0.0229,0.734308,10.8884,8.9775,1000.15,998.728,0.134056,0.0334818,0.106383,0.139865,0.00846627,0.0155554,0,0,0.6073,0.95,0,0.11141,0,0.991396,0,0.72593,1,0.74161,0,0.25839,0.6073,0,0.11141,0.00608435,0.0168156
"FSA Costs Multiplier 0.5 Fee Shifting Multiplier 1 Moderately Risk Averse Case Strength Noise 0.175","2","PLiabilitySignal10",0.1209,0,0.12086,0.894212,1,0.72517,1,1,0.95,0.87026,,,0.61096,,,,,0,0.09874,0.01547,0.846384,10.8925,8.97577,1000.15,998.731,0.131708,0.0282429,0.106201,0.134444,0.00408232,0.0141536,0,0,0.61096,0.95,0,0.09874,0,0.997479,0,1.61111,1,0.72517,0,0.27483,0.61096,0,0.09874,0.00237643,0.0130936
"FSA Costs Multiplier 0.5 Fee Shifting Multiplier 1 Moderately Risk Averse Case Strength Noise 0.175","2","DLiabilitySignal1",0.1208,0,0.120839,0.105788,0.510909,0.510909,1,1,0.17389,0.05,,,0.396695,,,,,0.0987404,0,0.015474,0.153581,9.98112,9.93992,999.992,999.97,0.0789574,0.0590829,0.0017992,0.0608821,0.00934142,0.00199624,0,0,0.396695,0.05,0.0987404,0,0,0.00252111,0,1.61112,0.510909,0.510909,0.489091,0,0.396695,0.0987404,0,0.0130974,0.0023765
"FSA Costs Multiplier 0.5 Fee Shifting Multiplier 1 Moderately Risk Averse Case Strength Noise 0.175","2","DLiabilitySignal2",0.1253,0,0.125262,0.124933,0.5347,0.5347,1,1,0.192726,0.05,,,0.400388,,,,,0.111412,0,0.0229,0.265782,9.98268,9.93368,999.991,999.961,0.0836399,0.0622776,0.0054192,0.0676968,0.0112051,0.00604544,0,0,0.400388,0.05,0.111412,0,0,0.00860619,0,0.725936,0.5347,0.5347,0.4653,0,0.400388,0.111412,0,0.0168134,0.0060863
"FSA Costs Multiplier 0.5 Fee Shifting Multiplier 1 Moderately Risk Averse Case Strength Noise 0.175","2","DLiabilitySignal3",0.108,0,0.10801,0.157482,0.570629,0.570629,1,1,0.230604,0.05,,,0.39865,,,,,0.129308,0,0.042671,0.46012,9.99306,9.91495,999.992,999.929,0.091995,0.0682604,0.0167952,0.0850556,0.014779,0.0188212,0,0,0.39865,0.05,0.129308,0,0,0.0309049,0,-0.0602144,0.570629,0.570629,0.429371,0,0.39865,0.129308,0,0.0230371,0.0196337
"FSA Costs Multiplier 0.5 Fee Shifting Multiplier 1 Moderately Risk Averse Case Strength Noise 0.175","2","DLiabilitySignal4",0.082,0,0.0820335,0.227704,0.634066,0.634066,1,1,0.319866,0.05,,,0.375558,,,,,0.153862,0,0.104646,0.675145,10.0395,9.84967,999.998,999.811,0.110807,0.0826682,0.050575,0.133243,0.0223226,0.0568856,0,0,0.375558,0.05,0.153862,0,0,0.11006,0,-0.556539,0.634066,0.634066,0.365934,0,0.375558,0.153862,0,0.0339948,0.0706512
"FSA Costs Multiplier 0.5 Fee Shifting Multiplier 1 Moderately Risk Averse Case Strength Noise 0.175","2","DLiabilitySignal5",0.0638,0,0.0638472,0.38594,0.749698,0.749698,1,1,0.499865,0.4014,,,0.420984,,,,,0,0.275772,0,,10.3816,9.50591,1000.07,999.465,0.112455,0.204251,0.0721226,0.276374,0.116068,0.0416069,0,0,0.420984,0.322143,0.0264713,0.302243,0.0529427,0.33167,0,-0.367431,0.749698,0.749698,0.250302,0,0.420984,0,0.275772,0,0
"FSA Costs Multiplier 0.5 Fee Shifting Multiplier 1 Moderately Risk Averse Case Strength Noise 0.175","2","DLiabilitySignal6",0.0638,0,0.0638479,0.614069,0.88858,0.88858,1,1,0.70336,0.55,,,0.342475,,,,,0,0.546105,0,,10.6267,9.23997,1000.12,999.11,0.133287,0.154329,0.123094,0.277423,0.0723268,0.0537114,0,0,0.342475,0.430036,0,0.546105,0,0.668343,0,0.36756,0.88858,0.88858,0.11142,0,0.342475,0,0.546105,0,0
"FSA Costs Multiplier 0.5 Fee Shifting Multiplier 1 Moderately Risk Averse Case Strength Noise 0.175","2","DLiabilitySignal7",0.082,0,0.082036,0.772301,0.966753,0.966753,1,1,0.819877,0.95,,,0.966753,,,,,0,0,0,,10.783,9.07198,1000.14,998.914,0.145013,0.0745677,0.151321,0.225889,0.0425259,0.0364364,0,0,0.966753,0.884938,0,0,0,0.889946,0,0.556635,0.966753,0.966753,0.0332472,0,0.966753,0,0,0,0
"FSA Costs Multiplier 0.5 Fee Shifting Multiplier 1 Moderately Risk Averse Case Strength Noise 0.175","2","DLiabilitySignal8",0.108,0,0.108014,0.84252,0.991141,0.991141,1,1,0.867116,0.95,,,0.991141,,,,,0,0,0,,10.8262,9.02516,1000.15,998.839,0.148671,0.0379568,0.156714,0.194671,0.0138868,0.0346101,0,0,0.991141,0.908558,0,0,0,0.969097,0,0.0602942,0.991141,0.991141,0.00885947,0,0.991141,0,0,0,0
"FSA Costs Multiplier 0.5 Fee Shifting Multiplier 1 Moderately Risk Averse Case Strength Noise 0.175","2","DLiabilitySignal9",0.1253,0,0.125268,0.875069,0.997264,0.997264,1,1,0.887119,0.95,,,0.997264,,,,,0,0,0,,10.8413,9.00916,1000.15,998.811,0.14959,0.0268824,0.154368,0.181251,0.00473299,0.0317738,0,0,0.997264,0.918559,0,0,0,0.991394,0,-0.725861,0.997264,0.997264,0.00273569,0,0.997264,0,0,0,0
"FSA Costs Multiplier 0.5 Fee Shifting Multiplier 1 Moderately Risk Averse Case Strength Noise 0.175","2","DLiabilitySignal10",0.1208,0,0.120843,0.894214,0.998867,0,1,1,,,,,0,,,,,0,0,0,,10.924,9.00113,1000.16,998.809,0.0749151,0.0021528,0.0755188,0.0776716,0.0021528,0.00637175,0,0,0,,0,0,0,0.99748,0,-1.61102,0.998867,0,0.00113258,0.998867,0,0,0,0,0
"FSA Costs Multiplier 0.5 Fee Shifting Multiplier 1 Moderately Risk Averse Case Strength Noise 0.175","2","MutOptLiability5",0.0173,0,0.0172749,0.500018,1,1,1,1,0.867045,0.122894,,,0,,,,,0.207389,0.207439,0.585172,0.500004,10.3811,9.38108,1000.03,999.02,0.237776,0.162332,0.0714354,0.233767,0.0971827,0.073364,0,0,0,,0.207389,0.207439,0,0.500028,0,5.40784,1,1,0,0,0,0.207389,0.207439,0.292584,0.292588
"FSA Costs Multiplier 0.5 Fee Shifting Multiplier 1 Moderately Risk Averse Case Strength Noise 0.175","2","MutOptLiability4",0.0302,0,0.0301756,0.500018,1,1,1,1,0.780817,0.239764,,,0,,,,,0.422956,0.423003,0.154041,0.500019,10.4135,9.41342,1000.05,999.21,0.173106,0.10607,0.0556385,0.161708,0.0404998,0.032387,0,0,0,,0.422956,0.423003,0,0.500027,0,4,1,1,0,0,0,0.422956,0.423003,0.0770175,0.0770234
"FSA Costs Multiplier 0.5 Fee Shifting Multiplier 1 Moderately Risk Averse Case Strength Noise 0.175","2","MutOptLiability3",0.064,0,0.063981,0.500012,1,1,1,1,0.634136,0.377193,,,0.50322,,,,,0.223591,0.223571,0.049617,0.5,10.4213,9.42127,1000.06,999.288,0.157443,0.0929061,0.064529,0.157435,0.0280068,0.0248247,0,0,0.50322,0.500042,0.223591,0.223571,0,0.500014,0,3,1,1,0,0,0.50322,0.223591,0.223571,0.0248086,0.0248086
"FSA Costs Multiplier 0.5 Fee Shifting Multiplier 1 Moderately Risk Averse Case Strength Noise 0.175","2","MutOptLiability2",0.1136,0,0.113638,0.500015,1,1,1,1,0.561833,0.444227,,,0.752738,,,,,0.123634,0.123628,0,,10.425,9.42498,1000.07,999.326,0.15,0.0888611,0.071265,0.160126,0.0246111,0.0237622,0,0,0.752738,0.500025,0.123634,0.123628,0,0.500018,0,2,1,1,0,0,0.752738,0.123634,0.123628,0,0
"FSA Costs Multiplier 0.5 Fee Shifting Multiplier 1 Moderately Risk Averse Case Strength Noise 0.175","2","MutOptLiability1",0.1691,0,0.169145,0.500013,0.846932,0.846932,1,1,0.610291,0.556072,,,0.745901,,,,,0.0459667,0.0459606,0,,10.4299,9.44304,1000.07,999.348,0.12704,0.0690404,0.0729144,0.141955,0.019398,0.0200326,0,0,0.745901,0.59381,0.0505188,0.0505127,0.00910418,0.500015,0,1,0.846932,0.846932,0.153068,0,0.745901,0.0459667,0.0459606,0,0
"FSA Costs Multiplier 0.5 Fee Shifting Multiplier 1 Moderately Risk Averse Case Strength Noise 0.175","2","MutOptLiability0",0.2116,0,0.211587,0.500011,0.72055,0.563565,1,1,0.603001,0.595284,,,0.554867,,,,,0,0,0,,10.4423,9.46135,1000.08,999.377,0.0963086,0.0523301,0.0690522,0.121382,0.0188246,0.0174955,0,0,0.554867,0.603832,0.00434884,0.00434884,0.00869767,0.500013,0,0,0.72055,0.563565,0.27945,0.156985,0.554867,0,0,0,0
"FSA Costs Multiplier 0.5 Fee Shifting Multiplier 1 Moderately Risk Averse Case Strength Noise 0.175","2","MutOptLiability-1",0.1691,0,0.169139,0.5,0.684409,0.493052,1,1,0.579203,0.649253,,,0.493052,,,,,0,0,0,,10.4429,9.46882,1000.08,999.395,0.0883095,0.0490155,0.0722982,0.121314,0.0173514,0.0187867,0,0,0.493052,0.614228,0,0,0,0.5,0,-1,0.684409,0.493052,0.315591,0.191357,0.493052,0,0,0,0
"FSA Costs Multiplier 0.5 Fee Shifting Multiplier 1 Moderately Risk Averse Case Strength Noise 0.175","2","MutOptLiability-2",0.1136,0,0.113633,0.499996,0.654271,0.431071,1,1,0.513173,0.743387,,,0.431071,,,,,0,0,0,,10.445,9.47364,1000.08,999.42,0.0814006,0.055522,0.0834953,0.139017,0.0236748,0.0250619,0,0,0.431071,0.62828,0,0,0,0.499995,0,-2,0.654271,0.431071,0.345729,0.223201,0.431071,0,0,0,0
"FSA Costs Multiplier 0.5 Fee Shifting Multiplier 1 Moderately Risk Averse Case Strength Noise 0.175","2","MutOptLiability-3",0.064,0,0.0639783,0.500004,0.629104,0.377507,1,1,0.346155,0.827755,,,0.377507,,,,,0,0,0,,10.426,9.49851,1000.08,999.484,0.0754958,0.056809,0.111165,0.167974,0.0278959,0.0394006,0,0,0.377507,0.586955,0,0,0,0.500006,0,-3,0.629104,0.377507,0.370896,0.251597,0.377507,0,0,0,0
"FSA Costs Multiplier 0.5 Fee Shifting Multiplier 1 Moderately Risk Averse Case Strength Noise 0.175","2","MutOptLiability-4",0.0302,0,0.0301749,0.500006,0.606299,0.32959,1,1,0.27191,0.914481,,,0.32959,,,,,0,0,0,,10.4267,9.50306,1000.08,999.487,0.0701917,0.0610233,0.117539,0.178562,0.0347793,0.0485931,0,0,0.32959,0.593196,0,0,0,0.500007,0,-4,0.606299,0.32959,0.393701,0.276709,0.32959,0,0,0,0
"FSA Costs Multiplier 0.5 Fee Shifting Multiplier 1 Moderately Risk Averse Case Strength Noise 0.175","2","MutOptLiability-5",0.0173,0,0.0172736,0.499995,0.551519,0.243815,1,1,0.05,0.95,,,0.243815,,,,,0,0,0,,10.3882,9.5521,1000.07,999.535,0.05965,0.0556432,0.154502,0.210145,0.0357268,0.0940983,0,0,0.243815,0.5,0,0,0,0.49999,0,-5.40772,0.551519,0.243815,0.448481,0.307704,0.243815,0,0,0,0
"FSA Costs Multiplier 0.5 Fee Shifting Multiplier 1 Moderately Risk Averse Case Strength Noise 0.175","2","Truly Liable MutOptLiability5",0.0086,0,0.00863794,0.793868,1,1,1,1,0.947634,0.193702,,,0,,,,,0.00591375,0.408941,0.585146,0.86087,10.8571,8.90509,1000.13,998.25,0.237772,0.181791,0.142863,0.324654,0.0476364,0.14672,0,0,0,,0.00591375,0.408941,0,1,0,5.4078,1,1,0,0,0,0.00591375,0.408941,0.0814116,0.503734
"FSA Costs Multiplier 0.5 Fee Shifting Multiplier 1 Moderately Risk Averse Case Strength Noise 0.175","2","Truly Liable MutOptLiability4",0.0151,0,0.0150886,0.823527,1,1,1,1,0.944242,0.424021,,,0,,,,,0.0143944,0.831565,0.15404,0.833062,10.8887,8.93816,1000.15,998.524,0.173106,0.100865,0.111271,0.212136,0.0162268,0.0647706,0,0,0,,0.0143944,0.831565,0,1,0,4,1,1,0,0,0,0.0143944,0.831565,0.0257151,0.128325
"FSA Costs Multiplier 0.5 Fee Shifting Multiplier 1 Moderately Risk Averse Case Strength Noise 0.175","2","Truly Liable MutOptLiability3",0.032,0,0.0319914,0.840693,1,1,1,1,0.941132,0.695837,,,0.503253,,,,,0.0199644,0.427167,0.049616,0.817584,10.8709,8.97161,1000.15,998.666,0.157442,0.0567639,0.129054,0.185818,0.0063676,0.049648,0,0,0.503253,0.948246,0.0199644,0.427167,0,1,0,3,1,1,0,0,0.503253,0.0199644,0.427167,0.00905073,0.0405651
"FSA Costs Multiplier 0.5 Fee Shifting Multiplier 1 Moderately Risk Averse Case Strength Noise 0.175","2","Truly Liable MutOptLiability2",0.0568,0,0.0568211,0.854613,1,1,1,1,0.937002,0.825848,,,0.752751,,,,,0.0281478,0.219101,0,,10.8575,8.99252,1000.15,998.741,0.15,0.035203,0.142525,0.177728,0.0017017,0.0475227,0,0,0.752751,0.947689,0.0281478,0.219101,0,1,0,2,1,1,0,0,0.752751,0.0281478,0.219101,0,0
"FSA Costs Multiplier 0.5 Fee Shifting Multiplier 1 Moderately Risk Averse Case Strength Noise 0.175","2","Truly Liable MutOptLiability1",0.0846,0,0.0845749,0.865476,0.999905,0.999905,1,1,0.930936,0.888642,,,0.898882,,,,,0.0096995,0.0822201,0,,10.8542,8.99584,1000.15,998.763,0.149986,0.0283604,0.145824,0.174185,0.0010344,0.0400639,0,0,0.898882,0.93716,0.0142514,0.0867721,0.0091039,1,0,1,0.999905,0.999905,9.46551E-05,0,0.898882,0.0096995,0.0822201,0,0
"FSA Costs Multiplier 0.5 Fee Shifting Multiplier 1 Moderately Risk Averse Case Strength Noise 0.175","2","Truly Liable MutOptLiability0",0.1058,0,0.105796,0.873614,0.999772,0.685853,1,1,0.908627,0.905391,,,0.681413,,,,,0,0,0,,10.8619,9.01168,1000.15,998.812,0.126422,0.0157117,0.138101,0.153813,0.000401117,0.0349902,0,0,0.681413,0.910964,0.00221988,0.00221988,0.00443975,1,0,0,0.999772,0.685853,0.000227572,0.313919,0.681413,0,0,0,0
"FSA Costs Multiplier 0.5 Fee Shifting Multiplier 1 Moderately Risk Averse Case Strength Noise 0.175","2","Truly Liable MutOptLiability-1",0.0846,0,0.0845697,0.865472,0.999397,0.616803,1,1,0.858642,0.917498,,,0.616803,,,,,0,0,0,,10.8554,9.02338,1000.15,998.843,0.121215,0.0122871,0.144596,0.156883,0.000307179,0.0375733,0,0,0.616803,0.88807,0,0,0,1,0,-1,0.999397,0.616803,0.000602661,0.382595,0.616803,0,0,0,0
"FSA Costs Multiplier 0.5 Fee Shifting Multiplier 1 Moderately Risk Averse Case Strength Noise 0.175","2","Truly Liable MutOptLiability-2",0.0568,0,0.0568158,0.854609,0.998386,0.552319,1,1,0.744914,0.927379,,,0.552319,,,,,0,0,0,,10.833,9.05069,1000.15,998.906,0.116303,0.007618,0.166992,0.17461,0.00019045,0.0501244,0,0,0.552319,0.836147,0,0,0,1,0,-2,0.998386,0.552319,0.00161385,0.446067,0.552319,0,0,0,0
"FSA Costs Multiplier 0.5 Fee Shifting Multiplier 1 Moderately Risk Averse Case Strength Noise 0.175","2","Truly Liable MutOptLiability-3",0.032,0,0.0319895,0.840689,0.995616,0.493409,1,1,0.482937,0.936319,,,0.493409,,,,,0,0,0,,10.7777,9.11065,1000.14,999.043,0.111677,0,0.222327,0.222327,0,0.0788002,0,0,0.493409,0.709628,0,0,0,1,0,-3,0.995616,0.493409,0.00438369,0.502207,0.493409,0,0,0,0
"FSA Costs Multiplier 0.5 Fee Shifting Multiplier 1 Moderately Risk Averse Case Strength Noise 0.175","2","Truly Liable MutOptLiability-4",0.0151,0,0.0150876,0.823527,0.987908,0.437377,1,1,0.371276,0.947893,,,0.437377,,,,,0,0,0,,10.7649,9.12818,1000.14,999.061,0.106896,0,0.235075,0.235075,0,0.0971848,0,0,0.437377,0.659585,0,0,0,1,0,-4,0.987908,0.437377,0.0120917,0.550531,0.437377,0,0,0,0
"FSA Costs Multiplier 0.5 Fee Shifting Multiplier 1 Moderately Risk Averse Case Strength Noise 0.175","2","Truly Liable MutOptLiability-5",0.0086,0,0.00863661,0.793869,0.922496,0.324637,1,1,0.05,0.95,,,0.324637,,,,,0,0,0,,10.691,9.21548,1000.13,999.157,0.0935349,0,0.30901,0.30901,0,0.1882,0,0,0.324637,0.5,0,0,0,1,0,-5.40766,0.922496,0.324637,0.0775045,0.597859,0.324637,0,0,0,0
"FSA Costs Multiplier 0.5 Fee Shifting Multiplier 1 Moderately Risk Averse Case Strength Noise 0.175","2","Truly Not Liable MutOptLiability5",0.0086,0,0.00863698,0.206136,1,1,1,1,0.786446,0.0520788,,,0,,,,,0.408886,0.00591585,0.585198,0.139131,9.90509,9.85713,999.924,999.79,0.23778,0.142871,0,0.142871,0.146735,0,0,0,0,,0.408886,0.00591585,0,0,0,5.40787,1,1,0,0,0,0.408886,0.00591585,0.503779,0.081419
"FSA Costs Multiplier 0.5 Fee Shifting Multiplier 1 Moderately Risk Averse Case Strength Noise 0.175","2","Truly Not Liable MutOptLiability4",0.0151,0,0.015087,0.176475,1,1,1,1,0.617375,0.055487,,,0,,,,,0.831562,0.0143969,0.154042,0.166943,9.93817,9.88873,999.962,999.895,0.173106,0.111275,0,0.111275,0.0647753,0,0,0,0,,0.831562,0.0143969,0,0,0,4,1,1,0,0,0,0.831562,0.0143969,0.128325,0.0257162
"FSA Costs Multiplier 0.5 Fee Shifting Multiplier 1 Moderately Risk Averse Case Strength Noise 0.175","2","Truly Not Liable MutOptLiability3",0.032,0,0.0319896,0.159311,1,1,1,1,0.327122,0.0585299,,,0.503188,,,,,0.42723,0.0199632,0.049619,0.182416,9.97161,9.87095,999.981,999.91,0.157443,0.129051,0,0.129051,0.0496472,0,0,0,0.503188,0.0517542,0.42723,0.0199632,0,0,0,3,1,1,0,0,0.503188,0.42723,0.0199632,0.0405675,0.0090513
"FSA Costs Multiplier 0.5 Fee Shifting Multiplier 1 Moderately Risk Averse Case Strength Noise 0.175","2","Truly Not Liable MutOptLiability2",0.0568,0,0.0568169,0.145391,1,1,1,1,0.186636,0.0625781,,,0.752725,,,,,0.219128,0.0281473,0,,9.99252,9.85748,999.991,999.911,0.15,0.142523,0,0.142523,0.0475221,0,0,0,0.752725,0.052311,0.219128,0.0281473,0,0,0,2,1,1,0,0,0.752725,0.219128,0.0281473,0,0
"FSA Costs Multiplier 0.5 Fee Shifting Multiplier 1 Moderately Risk Averse Case Strength Noise 0.175","2","Truly Not Liable MutOptLiability1",0.0846,0,0.0845697,0.134528,0.693949,0.693949,1,1,0.148248,0.0768458,,,0.59291,,,,,0.0822361,0.00969881,0,,10.0056,9.89028,999.997,999.933,0.104092,0.109723,0,0.109723,0.0377626,0,0,0,0.59291,0.0732417,0.0867883,0.014251,0.00910446,0,0,1,0.693949,0.693949,0.306051,0,0.59291,0.0822361,0.00969881,0,0
"FSA Costs Multiplier 0.5 Fee Shifting Multiplier 1 Moderately Risk Averse Case Strength Noise 0.175","2","Truly Not Liable MutOptLiability0",0.1058,0,0.105791,0.126388,0.441312,0.441271,1,1,0.127951,0.113271,,,0.428315,,,,,0,0,0,,10.0228,9.91105,1000,999.942,0.0661937,0.0889504,0,0.0889504,0.037249,0,0,0,0.428315,0.115185,0.00647791,0.00647791,0.0129558,0,0,0,0.441312,0.441271,0.558688,4.18117E-05,0.428315,0,0,0,0
"FSA Costs Multiplier 0.5 Fee Shifting Multiplier 1 Moderately Risk Averse Case Strength Noise 0.175","2","Truly Not Liable MutOptLiability-1",0.0846,0,0.0845695,0.134527,0.369419,0.369301,1,1,0.112486,0.201232,,,0.369301,,,,,0,0,0,,10.0303,9.91426,1000.01,999.948,0.055404,0.0857439,0,0.0857439,0.0343957,0,0,0,0.369301,0.156859,0,0,0,0,0,-1,0.369419,0.369301,0.630581,0.000118336,0.369301,0,0,0,0
"FSA Costs Multiplier 0.5 Fee Shifting Multiplier 1 Moderately Risk Averse Case Strength Noise 0.175","2","Truly Not Liable MutOptLiability-2",0.0568,0,0.0568169,0.14539,0.310163,0.309825,1,1,0.10006,0.415392,,,0.309825,,,,,0,0,0,,10.0569,9.89657,1000.01,999.934,0.0464991,0.103425,0,0.103425,0.0471587,0,0,0,0.309825,0.257726,0,0,0,0,0,-2,0.310163,0.309825,0.689837,0.00033845,0.309825,0,0,0,0
"FSA Costs Multiplier 0.5 Fee Shifting Multiplier 1 Moderately Risk Averse Case Strength Noise 0.175","2","Truly Not Liable MutOptLiability-3",0.032,0,0.0319887,0.15931,0.262582,0.261601,1,1,0.0881611,0.622987,,,0.261601,,,,,0,0,0,,10.0743,9.88638,1000.02,999.926,0.0393137,0.113619,0,0.113619,0.0557925,0,0,0,0.261601,0.355574,0,0,0,0,0,-3,0.262582,0.261601,0.737418,0.000980603,0.261601,0,0,0,0
"FSA Costs Multiplier 0.5 Fee Shifting Multiplier 1 Moderately Risk Averse Case Strength Noise 0.175","2","Truly Not Liable MutOptLiability-4",0.0151,0,0.0150873,0.176476,0.224681,0.221801,1,1,0.0759612,0.848593,,,0.221801,,,,,0,0,0,,10.0886,9.87795,1000.02,999.914,0.0334861,0.122048,0,0.122048,0.0695595,0,0,0,0.221801,0.462277,0,0,0,0,0,-4,0.224681,0.221801,0.775319,0.00287948,0.221801,0,0,0,0
"FSA Costs Multiplier 0.5 Fee Shifting Multiplier 1 Moderately Risk Averse Case Strength Noise 0.175","2","Truly Not Liable MutOptLiability-5",0.0086,0,0.00863697,0.206134,0.180557,0.162996,1,1,0.05,0.95,,,0.162996,,,,,0,0,0,,10.0855,9.88872,1000.02,999.913,0.0257665,0.111284,0,0.111284,0.071452,0,0,0,0.162996,0.5,0,0,0,0,0,-5.40778,0.180557,0.162996,0.819443,0.0175616,0.162996,0,0,0,0
"FSA Costs Multiplier 0.5 Fee Shifting Multiplier 1 Moderately Risk Averse Case Strength Noise 0.175","2","High Quality",0.4568,0,0.456803,0.879074,0.999243,0.740891,1,1,0.8894,0.86527,,,0.632311,,,,,0.00250423,0.0916864,0.012981,0.922445,10.8641,9.00347,1000.15,998.789,0.132457,0.0240672,0.135918,0.159985,0.00200087,0.0324721,0,0,0.632311,0.910352,0.00320885,0.0923911,0.00140924,0.999931,0,6.88446E-05,0.999243,0.740891,0.000757316,0.258351,0.632311,0.00250423,0.0916864,0.00100671,0.0119739
"FSA Costs Multiplier 0.5 Fee Shifting Multiplier 1 Moderately Risk Averse Case Strength Noise 0.175","2","High Quality Liable MutOptLiability5",0.0068,0,0.00681193,0.841892,1,1,1,1,0.94955,0.215444,,,0,,,,,0.0011252,0.470814,0.52806,0.926189,10.9128,8.85798,1000.15,998.196,0.229209,0.182154,0.0871745,0.269329,0.0468342,0.0698029,0,0,0,,0.0011252,0.470814,0,0.999872,0,5.36996,1,1,0,0,0,0.0011252,0.470814,0.0389769,0.489084
"FSA Costs Multiplier 0.5 Fee Shifting Multiplier 1 Moderately Risk Averse Case Strength Noise 0.175","2","High Quality Liable MutOptLiability4",0.0129,0,0.0129473,0.857645,1,1,1,1,0.948641,0.451352,,,0,,,,,0.00339776,0.885642,0.11096,0.918294,10.9181,8.91522,1000.15,998.51,0.166644,0.0970886,0.0818516,0.17894,0.0142722,0.0242244,0,0,0,,0.00339776,0.885642,0,0.999899,0,4,1,1,0,0,0,0.00339776,0.885642,0.00906609,0.101894
"FSA Costs Multiplier 0.5 Fee Shifting Multiplier 1 Moderately Risk Averse Case Strength Noise 0.175","2","High Quality Liable MutOptLiability3",0.0285,0,0.0284957,0.867981,1,1,1,1,0.947329,0.73232,,,0.546464,,,,,0.00654996,0.415549,0.031437,0.914069,10.8899,8.95536,1000.15,998.655,0.154716,0.0535292,0.110068,0.163598,0.00535905,0.0230656,0,0,0.546464,0.949906,0.00654996,0.415549,0,0.999916,0,3,1,1,0,0,0.546464,0.00654996,0.415549,0.00270143,0.0287358
"FSA Costs Multiplier 0.5 Fee Shifting Multiplier 1 Moderately Risk Averse Case Strength Noise 0.175","2","High Quality Liable MutOptLiability2",0.0519,0,0.0519075,0.876929,1,1,1,1,0.94496,0.854961,,,0.795558,,,,,0.0122195,0.192223,0,,10.8729,8.97715,1000.15,998.723,0.15,0.0343703,0.127139,0.16151,0.00165305,0.0278041,0,0,0.795558,0.949808,0.0122195,0.192223,0,0.999928,0,2,1,1,0,0,0.795558,0.0122195,0.192223,0,0
"FSA Costs Multiplier 0.5 Fee Shifting Multiplier 1 Moderately Risk Averse Case Strength Noise 0.175","2","High Quality Liable MutOptLiability1",0.0786,0,0.0785672,0.884307,0.999999,0.999999,1,1,0.940761,0.908828,,,0.922414,,,,,0.00345378,0.0685996,0,,10.867,8.98299,1000.15,998.745,0.15,0.0281335,0.132977,0.16111,0.00103192,0.0258754,0,0,0.922414,0.94388,0.00621955,0.0713654,0.00553154,0.999938,0,1,0.999999,0.999999,1.35207E-06,0,0.922414,0.00345378,0.0685996,0,0
"FSA Costs Multiplier 0.5 Fee Shifting Multiplier 1 Moderately Risk Averse Case Strength Noise 0.175","2","High Quality Liable MutOptLiability0",0.0994,0,0.0993583,0.890089,0.999994,0.667312,1,1,0.925313,0.923735,,,0.665207,,,,,0,0,0,,10.875,8.9999,1000.15,998.792,0.125048,0.0158205,0.124941,0.140761,0.000450031,0.0241826,0,0,0.665207,0.9265,0.00105249,0.00105249,0.00210497,0.999946,0,0,0.999994,0.667312,5.64547E-06,0.332682,0.665207,0,0,0,0
"FSA Costs Multiplier 0.5 Fee Shifting Multiplier 1 Moderately Risk Averse Case Strength Noise 0.175","2","High Quality Liable MutOptLiability-1",0.0786,0,0.078562,0.884305,0.999971,0.591852,1,1,0.885141,0.933563,,,0.591852,,,,,0,0,0,,10.8713,9.00929,1000.15,998.818,0.119387,0.0125762,0.128665,0.141242,0.00036989,0.0255119,0,0,0.591852,0.909352,0,0,0,0.999938,0,-1,0.999971,0.591852,2.86365E-05,0.408119,0.591852,0,0,0,0
"FSA Costs Multiplier 0.5 Fee Shifting Multiplier 1 Moderately Risk Averse Case Strength Noise 0.175","2","High Quality Liable MutOptLiability-2",0.0519,0,0.0519023,0.876926,0.999862,0.51987,1,1,0.780868,0.940083,,,0.51987,,,,,0,0,0,,10.8523,9.03368,1000.15,998.876,0.11398,0.0079493,0.147647,0.155596,0.000258977,0.0356546,0,0,0.51987,0.860475,0,0,0,0.999928,0,-2,0.999862,0.51987,0.000137533,0.479992,0.51987,0,0,0,0
"FSA Costs Multiplier 0.5 Fee Shifting Multiplier 1 Moderately Risk Averse Case Strength Noise 0.175","2","High Quality Liable MutOptLiability-3",0.0285,0,0.0284938,0.867979,0.999369,0.453028,1,1,0.508705,0.944676,,,0.453028,,,,,0,0,0,,10.8006,9.09047,1000.15,999.009,0.10893,7.2515E-5,0.199378,0.19945,6.3928E-05,0.0615977,0,0,0.453028,0.726691,0,0,0,0.999916,0,-3,0.999369,0.453028,0.000630528,0.546341,0.453028,0,0,0,0
"FSA Costs Multiplier 0.5 Fee Shifting Multiplier 1 Moderately Risk Averse Case Strength Noise 0.175","2","High Quality Liable MutOptLiability-4",0.0129,0,0.0129464,0.857645,0.99722,0.390642,1,1,0.407194,0.949367,,,0.390642,,,,,0,0,0,,10.7968,9.09916,1000.15,999.013,0.10409,8.4946E-5,0.203221,0.203306,7.49416E-05,0.0727123,0,0,0.390642,0.67828,0,0,0,0.999899,0,-4,0.99722,0.390642,0.00277953,0.606578,0.390642,0,0,0,0
"FSA Costs Multiplier 0.5 Fee Shifting Multiplier 1 Moderately Risk Averse Case Strength Noise 0.175","2","High Quality Liable MutOptLiability-5",0.0068,0,0.00681088,0.841893,0.958605,0.288303,1,1,0.05,0.95,,,0.288303,,,,,0,0,0,,10.7426,9.16392,1000.14,999.085,0.093518,9.8412E-5,0.2574,0.257498,8.67824E-05,0.14046,0,0,0.288303,0.5,0,0,0,0.999872,0,-5.36982,0.958605,0.288303,0.0413952,0.670302,0.288303,0,0,0,0
"FSA Costs Multiplier 0.5 Fee Shifting Multiplier 1 Moderately Risk Averse Case Strength Noise 0.175","2","PLiabilitySignal 1",0.1208,0,0.12084,0.105788,0,0,1,1,,,,,0,,,,,0,0,0,,10,10,1000,1000,0,0,0.0025215,0.00252148,0,0.00252148,0,0,0,,0,0,0,0.00252148,0,-1.61111,0,0,1,0,0,0,0,0,0
"FSA Costs Multiplier 0.5 Fee Shifting Multiplier 1 Moderately Risk Averse Case Strength Noise 0.175","2","PLiabilitySignal 2",0.1253,0,0.12526,0.124931,0.200066,0.19987,1,1,0.05,0.114177,,,0.19987,,,,,0,0,0,,10.0016,9.96841,1000,999.985,0.0299952,0.0307834,0.008041,0.0388244,0.00644446,0.00776955,0,0,0.19987,0.0820885,0,0,0,0.0086037,0,-0.72593,0.200066,0.19987,0.799934,0.000196065,0.19987,0,0,0,0
"FSA Costs Multiplier 0.5 Fee Shifting Multiplier 1 Moderately Risk Averse Case Strength Noise 0.175","2","PLiabilitySignal 3",0.108,0,0.10801,0.15748,1,0.9962,1,1,0.05,0.137304,,,0.9962,,,,,0,0,0,,10.0221,9.82819,1000,999.913,0.149715,0.15615,0.0196202,0.17577,0.0349517,0.0144442,0,0,0.9962,0.093652,0,0,0,0.030901,0,0.06025,1,0.9962,0,0.0038,0.9962,0,0,0,0
"FSA Costs Multiplier 0.5 Fee Shifting Multiplier 1 Moderately Risk Averse Case Strength Noise 0.175","2","PLiabilitySignal 4",0.082,0,0.08203,0.227699,1,0.98419,1,1,0.05,0.195083,,,0.98419,,,,,0,0,0,,10.0614,9.78977,1000.01,999.878,0.148814,0.150678,0.0658721,0.21655,0.0365622,0.0466416,0,0,0.98419,0.122541,0,0,0,0.110053,0,0.55661,1,0.98419,0,0.01581,0.98419,0,0,0,0
"FSA Costs Multiplier 0.5 Fee Shifting Multiplier 1 Moderately Risk Averse Case Strength Noise 0.175","2","PLiabilitySignal 5",0.0639,0,0.06385,0.385937,1,0.94388,1,1,0.55,0.338531,,,0.368958,,,,,0.5461,0,0,,10.2424,9.61182,1000.04,999.654,0.145791,0.134585,0.123395,0.25798,0.072311,0.0652506,0,0,0.368958,0.669065,0.560511,0.0144112,0.0288225,0.331665,0,0.36747,1,0.94388,0,0.05612,0.368958,0.5461,0,0,0
"FSA Costs Multiplier 0.5 Fee Shifting Multiplier 1 Moderately Risk Averse Case Strength Noise 0.175","2","PLiabilitySignal 6",0.0639,0,0.06385,0.61407,1,0.86923,1,1,0.55,0.568634,,,0.569352,,,,,0.27576,0,0,,10.464,9.39577,1000.09,999.421,0.140192,0.0767734,0.230929,0.307702,0.0439598,0.112745,0,0,0.569352,0.695899,0.287819,0.0120589,0.0241178,0.668345,0,-0.36756,1,0.86923,0,0.13077,0.569352,0.27576,0,0,0
"FSA Costs Multiplier 0.5 Fee Shifting Multiplier 1 Moderately Risk Averse Case Strength Noise 0.175","2","PLiabilitySignal 7",0.082,0,0.08203,0.772301,1,0.80377,1,1,0.95,0.745345,,,0.54528,,,,,0,0.15385,0.10464,0.324862,10.8137,9.03528,1000.13,998.781,0.150979,0.0807164,0.0990475,0.179764,0.060107,0.020238,0,0,0.54528,0.95,0,0.15385,0,0.889947,0,-0.55661,1,0.80377,0,0.19623,0.54528,0,0.15385,0.0706465,0.0339935
"FSA Costs Multiplier 0.5 Fee Shifting Multiplier 1 Moderately Risk Averse Case Strength Noise 0.175","2","PLiabilitySignal 8",0.108,0,0.10801,0.842514,1,0.76518,1,1,0.95,0.823644,,,0.5932,,,,,0,0.1293,0.04268,0.539852,10.873,8.9882,1000.15,998.734,0.13879,0.0465556,0.105393,0.151949,0.0216658,0.0177127,0,0,0.5932,0.95,0,0.1293,0,0.96909,0,-0.06016,1,0.76518,0,0.23482,0.5932,0,0.1293,0.0196391,0.0230409
"FSA Costs Multiplier 0.5 Fee Shifting Multiplier 1 Moderately Risk Averse Case Strength Noise 0.175","2","PLiabilitySignal 9",0.1253,0,0.12526,0.875069,1,0.74161,1,1,0.95,0.855057,,,0.6073,,,,,0,0.11141,0.0229,0.734308,10.8884,8.9775,1000.15,998.728,0.134056,0.0334818,0.106383,0.139865,0.00846627,0.0155554,0,0,0.6073,0.95,0,0.11141,0,0.991396,0,0.72593,1,0.74161,0,0.25839,0.6073,0,0.11141,0.00608435,0.0168156
"FSA Costs Multiplier 0.5 Fee Shifting Multiplier 1 Moderately Risk Averse Case Strength Noise 0.175","2","PLiabilitySignal 10",0.1209,0,0.12086,0.894212,1,0.72517,1,1,0.95,0.87026,,,0.61096,,,,,0,0.09874,0.01547,0.846384,10.8925,8.97577,1000.15,998.731,0.131708,0.0282429,0.106201,0.134444,0.00408232,0.0141536,0,0,0.61096,0.95,0,0.09874,0,0.997479,0,1.61111,1,0.72517,0,0.27483,0.61096,0,0.09874,0.00237643,0.0130936
"FSA Costs Multiplier 0.5 Fee Shifting Multiplier 1 Moderately Risk Averse Case Strength Noise 0.175","2","DLiabilitySignal 1",0.1208,0,0.120839,0.105788,0.510909,0.510909,1,1,0.17389,0.05,,,0.396695,,,,,0.0987404,0,0.015474,0.153581,9.98112,9.93992,999.992,999.97,0.0789574,0.0590829,0.0017992,0.0608821,0.00934142,0.00199624,0,0,0.396695,0.05,0.0987404,0,0,0.00252111,0,1.61112,0.510909,0.510909,0.489091,0,0.396695,0.0987404,0,0.0130974,0.0023765
"FSA Costs Multiplier 0.5 Fee Shifting Multiplier 1 Moderately Risk Averse Case Strength Noise 0.175","2","DLiabilitySignal 2",0.1253,0,0.125262,0.124933,0.5347,0.5347,1,1,0.192726,0.05,,,0.400388,,,,,0.111412,0,0.0229,0.265782,9.98268,9.93368,999.991,999.961,0.0836399,0.0622776,0.0054192,0.0676968,0.0112051,0.00604544,0,0,0.400388,0.05,0.111412,0,0,0.00860619,0,0.725936,0.5347,0.5347,0.4653,0,0.400388,0.111412,0,0.0168134,0.0060863
"FSA Costs Multiplier 0.5 Fee Shifting Multiplier 1 Moderately Risk Averse Case Strength Noise 0.175","2","DLiabilitySignal 3",0.108,0,0.10801,0.157482,0.570629,0.570629,1,1,0.230604,0.05,,,0.39865,,,,,0.129308,0,0.042671,0.46012,9.99306,9.91495,999.992,999.929,0.091995,0.0682604,0.0167952,0.0850556,0.014779,0.0188212,0,0,0.39865,0.05,0.129308,0,0,0.0309049,0,-0.0602144,0.570629,0.570629,0.429371,0,0.39865,0.129308,0,0.0230371,0.0196337
"FSA Costs Multiplier 0.5 Fee Shifting Multiplier 1 Moderately Risk Averse Case Strength Noise 0.175","2","DLiabilitySignal 4",0.082,0,0.0820335,0.227704,0.634066,0.634066,1,1,0.319866,0.05,,,0.375558,,,,,0.153862,0,0.104646,0.675145,10.0395,9.84967,999.998,999.811,0.110807,0.0826682,0.050575,0.133243,0.0223226,0.0568856,0,0,0.375558,0.05,0.153862,0,0,0.11006,0,-0.556539,0.634066,0.634066,0.365934,0,0.375558,0.153862,0,0.0339948,0.0706512
"FSA Costs Multiplier 0.5 Fee Shifting Multiplier 1 Moderately Risk Averse Case Strength Noise 0.175","2","DLiabilitySignal 5",0.0638,0,0.0638472,0.38594,0.749698,0.749698,1,1,0.499865,0.4014,,,0.420984,,,,,0,0.275772,0,,10.3816,9.50591,1000.07,999.465,0.112455,0.204251,0.0721226,0.276374,0.116068,0.0416069,0,0,0.420984,0.322143,0.0264713,0.302243,0.0529427,0.33167,0,-0.367431,0.749698,0.749698,0.250302,0,0.420984,0,0.275772,0,0
"FSA Costs Multiplier 0.5 Fee Shifting Multiplier 1 Moderately Risk Averse Case Strength Noise 0.175","2","DLiabilitySignal 6",0.0638,0,0.0638479,0.614069,0.88858,0.88858,1,1,0.70336,0.55,,,0.342475,,,,,0,0.546105,0,,10.6267,9.23997,1000.12,999.11,0.133287,0.154329,0.123094,0.277423,0.0723268,0.0537114,0,0,0.342475,0.430036,0,0.546105,0,0.668343,0,0.36756,0.88858,0.88858,0.11142,0,0.342475,0,0.546105,0,0
"FSA Costs Multiplier 0.5 Fee Shifting Multiplier 1 Moderately Risk Averse Case Strength Noise 0.175","2","DLiabilitySignal 7",0.082,0,0.082036,0.772301,0.966753,0.966753,1,1,0.819877,0.95,,,0.966753,,,,,0,0,0,,10.783,9.07198,1000.14,998.914,0.145013,0.0745677,0.151321,0.225889,0.0425259,0.0364364,0,0,0.966753,0.884938,0,0,0,0.889946,0,0.556635,0.966753,0.966753,0.0332472,0,0.966753,0,0,0,0
"FSA Costs Multiplier 0.5 Fee Shifting Multiplier 1 Moderately Risk Averse Case Strength Noise 0.175","2","DLiabilitySignal 8",0.108,0,0.108014,0.84252,0.991141,0.991141,1,1,0.867116,0.95,,,0.991141,,,,,0,0,0,,10.8262,9.02516,1000.15,998.839,0.148671,0.0379568,0.156714,0.194671,0.0138868,0.0346101,0,0,0.991141,0.908558,0,0,0,0.969097,0,0.0602942,0.991141,0.991141,0.00885947,0,0.991141,0,0,0,0
"FSA Costs Multiplier 0.5 Fee Shifting Multiplier 1 Moderately Risk Averse Case Strength Noise 0.175","2","DLiabilitySignal 9",0.1253,0,0.125268,0.875069,0.997264,0.997264,1,1,0.887119,0.95,,,0.997264,,,,,0,0,0,,10.8413,9.00916,1000.15,998.811,0.14959,0.0268824,0.154368,0.181251,0.00473299,0.0317738,0,0,0.997264,0.918559,0,0,0,0.991394,0,-0.725861,0.997264,0.997264,0.00273569,0,0.997264,0,0,0,0
"FSA Costs Multiplier 0.5 Fee Shifting Multiplier 1 Moderately Risk Averse Case Strength Noise 0.175","2","DLiabilitySignal 10",0.1208,0,0.120843,0.894214,0.998867,0,1,1,,,,,0,,,,,0,0,0,,10.924,9.00113,1000.16,998.809,0.0749151,0.0021528,0.0755188,0.0776716,0.0021528,0.00637175,0,0,0,,0,0,0,0.99748,0,-1.61102,0.998867,0,0.00113258,0.998867,0,0,0,0,0
"FSA Costs Multiplier 0.5 Fee Shifting Multiplier 1 Moderately Risk Averse Case Strength Noise 0.175","2","PDoesntFile",0.221,0,0.22104,0.114466,0,0,1,1,,,,,0,,,,,0,0,0,,10,10,1000,1000,0,0,0.0052786,0.00527862,0,0.00527862,0,0,0,,0,0,0,0.00527862,0,-1.20985,0,0,1,0,0,0,0,0,0
"FSA Costs Multiplier 0.5 Fee Shifting Multiplier 1 Moderately Risk Averse Case Strength Noise 0.175","2","P Files",0.779,0,0.77896,0.60941,1,0.845042,1,1,0.587923,0.54426,,,0.682951,,,,,0.0673664,0.0673654,0.02302,0.500007,10.5558,9.30239,1000.1,999.192,0.141831,0.0845153,0.0975156,0.182031,0.0305921,0.0309318,0,0,0.682951,0.580576,0.0695361,0.0695351,0.00433942,0.640396,0,0.343356,1,0.845042,0,0.154958,0.682951,0.0673664,0.0673654,0.0115098,0.0115102
"FSA Costs Multiplier 0.5 Fee Shifting Multiplier 1 Moderately Risk Averse Case Strength Noise 0.175","2","DDoesntAnswer",0.1207,0,0.120706,0.894547,1,0,1,1,,,,,0,,,,,0,0,0,,10.925,9,1000.16,998.808,0.075,0.0021552,0.0748384,0.0769936,0.00215524,0.00561288,0,0,0,,0,0,0,0.997845,0,-1.60346,1,0,0,1,0,0,0,0,0
"FSA Costs Multiplier 0.5 Fee Shifting Multiplier 1 Moderately Risk Averse Case Strength Noise 0.175","2","D Answers",0.6583,0,0.658254,0.557123,1,1,1,1,0.587923,0.54426,,,0.808186,,,,,0.0797196,0.0797184,0.027241,0.500007,10.4881,9.35784,1000.08,999.262,0.154086,0.0996179,0.101674,0.201292,0.0358067,0.0355746,0,0,0.808186,0.580576,0.0822872,0.082286,0.00513516,0.574849,0,0.700351,1,1,0,0,0.808186,0.0797196,0.0797184,0.0136204,0.0136208
"FSA Costs Multiplier 0.5 Fee Shifting Multiplier 1 Moderately Risk Averse Case Strength Noise 0.175","2","Settles1",0.532,0,0.531991,0.571167,1,1,1,1,0.543986,0.617166,,,1,,,,,0,0,0,,10.5056,9.34442,1000.09,999.273,0.15,0.0926291,0.10744,0.200069,0.0280276,0.0305324,0,0,1,0.580576,0,0,0,0.59346,0,0.147083,1,1,0,0,1,0,0,0,0
"FSA Costs Multiplier 0.5 Fee Shifting Multiplier 1 Moderately Risk Averse Case Strength Noise 0.175","2","DoesntSettle1",0.1263,0,0.126263,0.497954,1,1,1,1,0.773048,0.237079,,,0,,,,,0.415608,0.415602,0.142019,0.500007,10.4143,9.41435,1000.06,999.215,0.171303,0.129065,0.0773796,0.206444,0.0685829,0.0568193,0,0,0,,0.428994,0.428987,0.0267715,0.496433,0,3.03147,1,1,0,0,0,0.415608,0.415602,0.0710083,0.0710104
"FSA Costs Multiplier 0.5 Fee Shifting Multiplier 1 Moderately Risk Averse Case Strength Noise 0.175","2","PAbandons1",0.0525,0,0.0524758,0.213726,1,1,1,1,0.55,0.05,,,0,,,,,1,0,0,,9.925,9.925,999.97,999.97,0.15,0.0702454,0.0681492,0.138395,0.00526841,0.0732604,0,0,0,,1,0,0,0.0633946,0,2.8157,1,1,0,0,0,1,0,0,0
"FSA Costs Multiplier 0.5 Fee Shifting Multiplier 1 Moderately Risk Averse Case Strength Noise 0.175","2","PDoesntAbandon1",0.0738,0,0.0737868,0.700091,1,1,1,1,0.931676,0.370125,,,0,,,,,0,0.71117,0.24302,0.500007,10.7624,9.05119,1000.12,998.678,0.186453,0.170896,0.0839441,0.25484,0.113611,0.0451268,0,0,0,,0.0229054,0.734075,0.0458109,0.804401,0,3.18493,1,1,0,0,0,0,0.71117,0.121508,0.121512
"FSA Costs Multiplier 0.5 Fee Shifting Multiplier 1 Moderately Risk Averse Case Strength Noise 0.175","2","DDefaults1",0.0525,0,0.0524749,0.786278,1,1,1,1,0.95,0.500139,,,0,,,,,0,1,0,,10.925,8.925,1000.16,998.585,0.15,0.13839,0.0702458,0.208636,0.0785234,0.00526843,0,0,0,,0,1,0,0.93661,0,2.81581,1,1,0,0,0,0,1,0,0
"FSA Costs Multiplier 0.5 Fee Shifting Multiplier 1 Moderately Risk Averse Case Strength Noise 0.175","2","DDoesntDefault1",0.0213,0,0.0213119,0.487878,1,1,1,1,0.886557,0.05,,,0,,,,,0,0,0.841392,0.500007,10.3619,9.36189,1000.01,998.907,0.276209,0.250932,0.117673,0.368605,0.200005,0.143268,0,0,0,,0.0793041,0.0793041,0.158608,0.478872,0,4.09378,1,1,0,0,0,0,0,0.42069,0.420702
"FSA Costs Multiplier 0.5 Fee Shifting Multiplier 1 Moderately Risk Averse Case Strength Noise 0.175","2","POrDQuits1",0.105,0,0.104951,0.5,1,1,1,1,0.749998,0.275068,,,0,,,,,0.500004,0.499996,0,,10.425,9.425,1000.06,999.277,0.15,0.104317,0.0691975,0.173515,0.0418956,0.0392647,0,0,0,,0.500004,0.499996,0,0.499999,0,2.81575,1,1,0,0,0,0.500004,0.499996,0,0
"FSA Costs Multiplier 0.5 Fee Shifting Multiplier 1 Moderately Risk Averse Case Strength Noise 0.175","2","P Loses",0.009,0,0.00896569,0.2981,1,1,1,1,0.95,0.05,,,0,,,,,0,0,1,0,9.7,10,999.847,1000,0.3,0,0.200209,0.200209,0,0.260272,0,0,0,,0,0,0,0.154007,0,4.77962,1,1,0,0,0,0,0,1,0
"FSA Costs Multiplier 0.5 Fee Shifting Multiplier 1 Moderately Risk Averse Case Strength Noise 0.175","2","P Wins",0.009,0,0.00896595,0.701904,1,1,1,1,0.95,0.05,,,0,,,,,0,0,1,1,11,8.7,1000.16,997.675,0.3,0.453998,0,0.453998,0.336397,0,0,0,0,,0,0,0,0.846002,0,4.77959,1,1,0,0,0,0,0,0,1
