0,1,0.5,0.5,0.2,0.2,0.2,0.2,0.2,0.2,0.2,0.2,0.2,0.2,0,1,0.5,0.5,0.2,0.2,0.2,0.2,0.2,0.2,0.2,0.2,0.2,0.2,0,1,0.5,0.5,0.2,0.2,0.2,0.2,0.2,0.2,0.2,0.2,0.2,0.2,0,1,0.5,0.5,0.2,0.2,0.2,0.2,0.2,0.2,0.2,0.2,0.2,0.2,0,1,0.5,0.5,0.2,0.2,0.2,0.2,0.2,0.2,0.2,0.2,0.2,0.2,1,0,0,1,0.2,0.2,0.2,0.2,0.2,1,0,0,0,0,1,0,0,1,0.2,0.2,0.2,0.2,0.2,1,0,0,0,0,1,0,0,1,0.2,0.2,0.2,0.2,0.2,1,0,0,0,0,0,1,0.5,0.5,0.2,0.2,0.2,0.2,0.2,0.2,0.2,0.2,0.2,0.2,0.30558141404118483,0.6944185859588151,0.7377652029966967,0.2622347970033034,1,0,0,0,0,1,0,0,0,0
1,0,0,1,0.2,0.2,0.2,0.2,0.2,0,0,0,1,0,1,0,0,1,0.2,0.2,0.2,0.2,0.2,0,0,0,1,0,1,0,0,1,0.2,0.2,0.2,0.2,0.2,0,0,0,1,0,1,0,0,1,0.2,0.2,0.2,0.2,0.2,0,0,0,1,0,1,0,0,1,0.2,0.2,0.2,0.2,0.2,0,0,0,1,0,0,1,0.5,0.5,0.2,0.2,0.2,0.2,0.2,0.2,0.2,0.2,0.2,0.2,0,1,0.5,0.5,0.2,0.2,0.2,0.2,0.2,0.2,0.2,0.2,0.2,0.2,0,1,0.5,0.5,0.2,0.2,0.2,0.2,0.2,0.2,0.2,0.2,0.2,0.2,0,1,0.5,0.5,0.2,0.2,0.2,0.2,0.2,0.2,0.2,0.2,0.2,0.2,0,1,0.5,0.5,0.2,0.2,0.2,0.2,0.2,0.2,0.2,0.2,0.2,0.2
0,1,0.5,0.5,0.2,0.2,0.2,0.2,0.2,0.2,0.2,0.2,0.2,0.2,0,1,0.5,0.5,0.2,0.2,0.2,0.2,0.2,0.2,0.2,0.2,0.2,0.2,0,1,0.5,0.5,0.2,0.2,0.2,0.2,0.2,0.2,0.2,0.2,0.2,0.2,0,1,0.5,0.5,0.2,0.2,0.2,0.2,0.2,0.2,0.2,0.2,0.2,0.2,0,1,0.5,0.5,0.2,0.2,0.2,0.2,0.2,0.2,0.2,0.2,0.2,0.2,1,0,0,1,0.2,0.2,0.2,0.2,0.2,1,0,0,0,0,1,0,0,1,0.2,0.2,0.2,0.2,0.2,1,0,0,0,0,1,0,0,1,0.2,0.2,0.2,0.2,0.2,1,0,0,0,0,0,1,0.5,0.5,0.2,0.2,0.2,0.2,0.2,0.2,0.2,0.2,0.2,0.2,0.34377680273391126,0.6562231972660887,0,1,0.2,0.2,0.2,0.2,0.2,0,1,0,0,0
0,1,0.5,0.5,0.2,0.2,0.2,0.2,0.2,0.2,0.2,0.2,0.2,0.2,0,1,0.5,0.5,0.2,0.2,0.2,0.2,0.2,0.2,0.2,0.2,0.2,0.2,0,1,0.5,0.5,0.2,0.2,0.2,0.2,0.2,0.2,0.2,0.2,0.2,0.2,0,1,0.5,0.5,0.2,0.2,0.2,0.2,0.2,0.2,0.2,0.2,0.2,0.2,0,1,0.5,0.5,0.2,0.2,0.2,0.2,0.2,0.2,0.2,0.2,0.2,0.2,1,0,0,1,0.2,0.2,0.2,0.2,0.2,1,0,0,0,0,1,0,0,1,0.2,0.2,0.2,0.2,0.2,1,0,0,0,0,1,0,0,1,0.2,0.2,0.2,0.2,0.2,0.4359838074910092,0.5640161925089908,0,0,0,0.5203289324990872,0.4796710675009129,0,1,0.2,0.2,0.2,0.2,0.2,0,1,0,0,0,0,1,0.5,0.5,0.2,0.2,0.2,0.2,0.2,0.2,0.2,0.2,0.2,0.2
0,1,0.5,0.5,0.2,0.2,0.2,0.2,0.2,0.2,0.2,0.2,0.2,0.2,0,1,0.5,0.5,0.2,0.2,0.2,0.2,0.2,0.2,0.2,0.2,0.2,0.2,0,1,0.5,0.5,0.2,0.2,0.2,0.2,0.2,0.2,0.2,0.2,0.2,0.2,0,1,0.5,0.5,0.2,0.2,0.2,0.2,0.2,0.2,0.2,0.2,0.2,0.2,0,1,0.5,0.5,0.2,0.2,0.2,0.2,0.2,0.2,0.2,0.2,0.2,0.2,1,0,0,1,0.2,0.2,0.2,0.2,0.2,1,0,0,0,0,1,0,0,1,0.2,0.2,0.2,0.2,0.2,1,0,0,0,0,1,0,0,1,0.2,0.2,0.2,0.2,0.2,1,0,0,0,0,0.1121217347291331,0.887878265270867,0,1,0.2,0.2,0.2,0.2,0.2,1,0,0,0,0,0.22544733396211236,0.7745526660378876,1,0,1,0,0,0,0,0.2,0.2,0.2,0.2,0.2
0,1,0.5,0.5,0.2,0.2,0.2,0.2,0.2,0.2,0.2,0.2,0.2,0.2,0,1,0.5,0.5,0.2,0.2,0.2,0.2,0.2,0.2,0.2,0.2,0.2,0.2,0,1,0.5,0.5,0.2,0.2,0.2,0.2,0.2,0.2,0.2,0.2,0.2,0.2,0,1,0.5,0.5,0.2,0.2,0.2,0.2,0.2,0.2,0.2,0.2,0.2,0.2,0,1,0.5,0.5,0.2,0.2,0.2,0.2,0.2,0.2,0.2,0.2,0.2,0.2,1,0,0,1,0.2,0.2,0.2,0.2,0.2,1,0,0,0,0,1,0,0,1,0.2,0.2,0.2,0.2,0.2,1,0,0,0,0,1,0,0,1,0.2,0.2,0.2,0.2,0.2,0.4359838074910092,0.5640161925089908,0,0,0,0,1,0.5,0.5,0.2,0.2,0.2,0.2,0.2,0.2,0.2,0.2,0.2,0.2,0.37188222644851826,0.6281177735514818,0.9628077156720237,0.03719228432797629,0,1,0,0,0,0,1,0,0,0
0,1,0.5,0.5,0.2,0.2,0.2,0.2,0.2,0.2,0.2,0.2,0.2,0.2,0,1,0.5,0.5,0.2,0.2,0.2,0.2,0.2,0.2,0.2,0.2,0.2,0.2,0,1,0.5,0.5,0.2,0.2,0.2,0.2,0.2,0.2,0.2,0.2,0.2,0.2,0,1,0.5,0.5,0.2,0.2,0.2,0.2,0.2,0.2,0.2,0.2,0.2,0.2,0,1,0.5,0.5,0.2,0.2,0.2,0.2,0.2,0.2,0.2,0.2,0.2,0.2,1,0,0,1,0.2,0.2,0.2,0.2,0.2,1,0,0,0,0,1,0,0,1,0.2,0.2,0.2,0.2,0.2,1,0,0,0,0,1,0,0,1,0.2,0.2,0.2,0.2,0.2,0,1,0,0,0,0,1,0.5,0.5,0.2,0.2,0.2,0.2,0.2,0.2,0.2,0.2,0.2,0.2,0.37188222644851826,0.6281177735514818,0.5326099052802111,0.4673900947197889,0,1,0,0,0,1,0,0,0,0
0,1,0.5,0.5,0.2,0.2,0.2,0.2,0.2,0.2,0.2,0.2,0.2,0.2,0,1,0.5,0.5,0.2,0.2,0.2,0.2,0.2,0.2,0.2,0.2,0.2,0.2,0,1,0.5,0.5,0.2,0.2,0.2,0.2,0.2,0.2,0.2,0.2,0.2,0.2,0,1,0.5,0.5,0.2,0.2,0.2,0.2,0.2,0.2,0.2,0.2,0.2,0.2,0,1,0.5,0.5,0.2,0.2,0.2,0.2,0.2,0.2,0.2,0.2,0.2,0.2,1,0,0,1,0.2,0.2,0.2,0.2,0.2,1,0,0,0,0,1,0,0,1,0.2,0.2,0.2,0.2,0.2,1,0,0,0,0,1,0,0,1,0.2,0.2,0.2,0.2,0.2,0,1,0,0,0,0,1,0.5,0.5,0.2,0.2,0.2,0.2,0.2,0.2,0.2,0.2,0.2,0.2,0.37188222644851826,0.6281177735514818,0,1,0.2,0.2,0.2,0.2,0.2,0.4673900947197889,0.5326099052802111,0,0,0
0,1,0.5,0.5,0.2,0.2,0.2,0.2,0.2,0.2,0.2,0.2,0.2,0.2,0,1,0.5,0.5,0.2,0.2,0.2,0.2,0.2,0.2,0.2,0.2,0.2,0.2,0,1,0.5,0.5,0.2,0.2,0.2,0.2,0.2,0.2,0.2,0.2,0.2,0.2,0,1,0.5,0.5,0.2,0.2,0.2,0.2,0.2,0.2,0.2,0.2,0.2,0.2,0,1,0.5,0.5,0.2,0.2,0.2,0.2,0.2,0.2,0.2,0.2,0.2,0.2,1,0,0,1,0.2,0.2,0.2,0.2,0.2,1,0,0,0,0,1,0,0,1,0.2,0.2,0.2,0.2,0.2,1,0,0,0,0,1,0,0,1,0.2,0.2,0.2,0.2,0.2,1,0,0,0,0,0.4275623830643677,0.5724376169356323,0,1,0.2,0.2,0.2,0.2,0.2,1,0,0,0,0,0,1,0.5,0.5,0.2,0.2,0.2,0.2,0.2,0.2,0.2,0.2,0.2,0.2
1,0,0,1,0.2,0.2,0.2,0.2,0.2,0,0,0,1,0,1,0,0,1,0.2,0.2,0.2,0.2,0.2,0,0,0,1,0,1,0,0,1,0.2,0.2,0.2,0.2,0.2,0,0,0,0,1,1,0,0,1,0.2,0.2,0.2,0.2,0.2,0,0,0,0,1,1,0,0,1,0.2,0.2,0.2,0.2,0.2,0,0,0,0,1,0,1,0.5,0.5,0.2,0.2,0.2,0.2,0.2,0.2,0.2,0.2,0.2,0.2,0,1,0.5,0.5,0.2,0.2,0.2,0.2,0.2,0.2,0.2,0.2,0.2,0.2,0,1,0.5,0.5,0.2,0.2,0.2,0.2,0.2,0.2,0.2,0.2,0.2,0.2,0,1,0.5,0.5,0.2,0.2,0.2,0.2,0.2,0.2,0.2,0.2,0.2,0.2,0,1,0.5,0.5,0.2,0.2,0.2,0.2,0.2,0.2,0.2,0.2,0.2,0.2
0,1,0.5,0.5,0.2,0.2,0.2,0.2,0.2,0.2,0.2,0.2,0.2,0.2,0,1,0.5,0.5,0.2,0.2,0.2,0.2,0.2,0.2,0.2,0.2,0.2,0.2,0,1,0.5,0.5,0.2,0.2,0.2,0.2,0.2,0.2,0.2,0.2,0.2,0.2,0,1,0.5,0.5,0.2,0.2,0.2,0.2,0.2,0.2,0.2,0.2,0.2,0.2,0,1,0.5,0.5,0.2,0.2,0.2,0.2,0.2,0.2,0.2,0.2,0.2,0.2,1,0,0,1,0.2,0.2,0.2,0.2,0.2,1,0,0,0,0,1,0,0,1,0.2,0.2,0.2,0.2,0.2,1,0,0,0,0,1,0,0,1,0.2,0.2,0.2,0.2,0.2,0.401290659489401,0.5987093405105991,0,0,0,0,1,0.5,0.5,0.2,0.2,0.2,0.2,0.2,0.2,0.2,0.2,0.2,0.2,0.37188222644851826,0.6281177735514818,0.9628077156720237,0.03719228432797629,0,1,0,0,0,1,0,0,0,0
1,0,0,1,0.2,0.2,0.2,0.2,0.2,0,0,0,1,0,1,0,0,1,0.2,0.2,0.2,0.2,0.2,0,0,0,1,0,1,0,0,1,0.2,0.2,0.2,0.2,0.2,0,0,0,1,0,1,0,0,1,0.2,0.2,0.2,0.2,0.2,0,0,0,0,1,1,0,0,1,0.2,0.2,0.2,0.2,0.2,0,0,0,0,1,0,1,0.5,0.5,0.2,0.2,0.2,0.2,0.2,0.2,0.2,0.2,0.2,0.2,0,1,0.5,0.5,0.2,0.2,0.2,0.2,0.2,0.2,0.2,0.2,0.2,0.2,0,1,0.5,0.5,0.2,0.2,0.2,0.2,0.2,0.2,0.2,0.2,0.2,0.2,0,1,0.5,0.5,0.2,0.2,0.2,0.2,0.2,0.2,0.2,0.2,0.2,0.2,0,1,0.5,0.5,0.2,0.2,0.2,0.2,0.2,0.2,0.2,0.2,0.2,0.2
0,1,0.5,0.5,0.2,0.2,0.2,0.2,0.2,0.2,0.2,0.2,0.2,0.2,0,1,0.5,0.5,0.2,0.2,0.2,0.2,0.2,0.2,0.2,0.2,0.2,0.2,0,1,0.5,0.5,0.2,0.2,0.2,0.2,0.2,0.2,0.2,0.2,0.2,0.2,0,1,0.5,0.5,0.2,0.2,0.2,0.2,0.2,0.2,0.2,0.2,0.2,0.2,0,1,0.5,0.5,0.2,0.2,0.2,0.2,0.2,0.2,0.2,0.2,0.2,0.2,1,0,0,1,0.2,0.2,0.2,0.2,0.2,1,0,0,0,0,1,0,0,1,0.2,0.2,0.2,0.2,0.2,1,0,0,0,0,1,0,0,1,0.2,0.2,0.2,0.2,0.2,1,0,0,0,0,0.058677930888955517,0.9413220691110445,0,1,0.2,0.2,0.2,0.2,0.2,0,1,0,0,0,0.30183933160853743,0.6981606683914626,1,0,0,1,0,0,0,0.2,0.2,0.2,0.2,0.2
0,1,0.5,0.5,0.2,0.2,0.2,0.2,0.2,0.2,0.2,0.2,0.2,0.2,0,1,0.5,0.5,0.2,0.2,0.2,0.2,0.2,0.2,0.2,0.2,0.2,0.2,0,1,0.5,0.5,0.2,0.2,0.2,0.2,0.2,0.2,0.2,0.2,0.2,0.2,1,0,0,1,0.2,0.2,0.2,0.2,0.2,0,1,0,0,0,1,0,0,1,0.2,0.2,0.2,0.2,0.2,0,0.7020842626718701,0,0,0.29791573732812987,1,0,0,1,0.2,0.2,0.2,0.2,0.2,0,1,0,0,0,1,0,0,1,0.2,0.2,0.2,0.2,0.2,0,1,0,0,0,1,0,1,0,0,1,0,0,0,0.2,0.2,0.2,0.2,0.2,0.1329421978580335,0.8670578021419666,1,0,0,1,0,0,0,0.2,0.2,0.2,0.2,0.2,0,1,0.5,0.5,0.2,0.2,0.2,0.2,0.2,0.2,0.2,0.2,0.2,0.2
0,1,0.5,0.5,0.2,0.2,0.2,0.2,0.2,0.2,0.2,0.2,0.2,0.2,0,1,0.5,0.5,0.2,0.2,0.2,0.2,0.2,0.2,0.2,0.2,0.2,0.2,0,1,0.5,0.5,0.2,0.2,0.2,0.2,0.2,0.2,0.2,0.2,0.2,0.2,0,1,0.5,0.5,0.2,0.2,0.2,0.2,0.2,0.2,0.2,0.2,0.2,0.2,0,1,0.5,0.5,0.2,0.2,0.2,0.2,0.2,0.2,0.2,0.2,0.2,0.2,1,0,0,1,0.2,0.2,0.2,0.2,0.2,1,0,0,0,0,1,0,0,1,0.2,0.2,0.2,0.2,0.2,1,0,0,0,0,1,0,0,1,0.2,0.2,0.2,0.2,0.2,1,0,0,0,0,0,1,0.5,0.5,0.2,0.2,0.2,0.2,0.2,0.2,0.2,0.2,0.2,0.2,0.30558141404118483,0.6944185859588151,0,1,0.2,0.2,0.2,0.2,0.2,1,0,0,0,0
0,1,0.5,0.5,0.2,0.2,0.2,0.2,0.2,0.2,0.2,0.2,0.2,0.2,0,1,0.5,0.5,0.2,0.2,0.2,0.2,0.2,0.2,0.2,0.2,0.2,0.2,0,1,0.5,0.5,0.2,0.2,0.2,0.2,0.2,0.2,0.2,0.2,0.2,0.2,0,1,0.5,0.5,0.2,0.2,0.2,0.2,0.2,0.2,0.2,0.2,0.2,0.2,0,1,0.5,0.5,0.2,0.2,0.2,0.2,0.2,0.2,0.2,0.2,0.2,0.2,1,0,0,1,0.2,0.2,0.2,0.2,0.2,1,0,0,0,0,1,0,0,1,0.2,0.2,0.2,0.2,0.2,1,0,0,0,0,1,0,0,1,0.2,0.2,0.2,0.2,0.2,0,1,0,0,0,1,0,0,1,0.2,0.2,0.2,0.2,0.2,0,1,0,0,0,0,1,0.5,0.5,0.2,0.2,0.2,0.2,0.2,0.2,0.2,0.2,0.2,0.2
0,1,0.5,0.5,0.2,0.2,0.2,0.2,0.2,0.2,0.2,0.2,0.2,0.2,0,1,0.5,0.5,0.2,0.2,0.2,0.2,0.2,0.2,0.2,0.2,0.2,0.2,0,1,0.5,0.5,0.2,0.2,0.2,0.2,0.2,0.2,0.2,0.2,0.2,0.2,1,0,0,1,0.2,0.2,0.2,0.2,0.2,0,1,0,0,0,1,0,0,1,0.2,0.2,0.2,0.2,0.2,0,0.7020842626718701,0,0.29791573732812987,0,1,0,0,1,0.2,0.2,0.2,0.2,0.2,0,1,0,0,0,1,0,0,1,0.2,0.2,0.2,0.2,0.2,0,1,0,0,0,1,0,1,0,0,1,0,0,0,0.2,0.2,0.2,0.2,0.2,0.1329421978580335,0.8670578021419666,1,0,0,1,0,0,0,0.2,0.2,0.2,0.2,0.2,0,1,0.5,0.5,0.2,0.2,0.2,0.2,0.2,0.2,0.2,0.2,0.2,0.2
0,1,0.5,0.5,0.2,0.2,0.2,0.2,0.2,0.2,0.2,0.2,0.2,0.2,0,1,0.5,0.5,0.2,0.2,0.2,0.2,0.2,0.2,0.2,0.2,0.2,0.2,0,1,0.5,0.5,0.2,0.2,0.2,0.2,0.2,0.2,0.2,0.2,0.2,0.2,0,1,0.5,0.5,0.2,0.2,0.2,0.2,0.2,0.2,0.2,0.2,0.2,0.2,0,1,0.5,0.5,0.2,0.2,0.2,0.2,0.2,0.2,0.2,0.2,0.2,0.2,1,0,0,1,0.2,0.2,0.2,0.2,0.2,1,0,0,0,0,1,0,0,1,0.2,0.2,0.2,0.2,0.2,1,0,0,0,0,1,0,0,1,0.2,0.2,0.2,0.2,0.2,0.49810392143733484,0.5018960785626652,0,0,0,0.5897201604869532,0.4102798395130468,0,1,0.2,0.2,0.2,0.2,0.2,0,0,1,0,0,0,1,0.5,0.5,0.2,0.2,0.2,0.2,0.2,0.2,0.2,0.2,0.2,0.2
0,1,0.5,0.5,0.2,0.2,0.2,0.2,0.2,0.2,0.2,0.2,0.2,0.2,0,1,0.5,0.5,0.2,0.2,0.2,0.2,0.2,0.2,0.2,0.2,0.2,0.2,0,1,0.5,0.5,0.2,0.2,0.2,0.2,0.2,0.2,0.2,0.2,0.2,0.2,0,1,0.5,0.5,0.2,0.2,0.2,0.2,0.2,0.2,0.2,0.2,0.2,0.2,0,1,0.5,0.5,0.2,0.2,0.2,0.2,0.2,0.2,0.2,0.2,0.2,0.2,1,0,0,1,0.2,0.2,0.2,0.2,0.2,1,0,0,0,0,1,0,0,1,0.2,0.2,0.2,0.2,0.2,1,0,0,0,0,1,0,0,1,0.2,0.2,0.2,0.2,0.2,0.4359838074910092,0.5640161925089908,0,0,0,0,1,0.5,0.5,0.2,0.2,0.2,0.2,0.2,0.2,0.2,0.2,0.2,0.2,0.37188222644851826,0.6281177735514818,0,1,0.2,0.2,0.2,0.2,0.2,0,1,0,0,0
0,1,0.5,0.5,0.2,0.2,0.2,0.2,0.2,0.2,0.2,0.2,0.2,0.2,0,1,0.5,0.5,0.2,0.2,0.2,0.2,0.2,0.2,0.2,0.2,0.2,0.2,0,1,0.5,0.5,0.2,0.2,0.2,0.2,0.2,0.2,0.2,0.2,0.2,0.2,0,1,0.5,0.5,0.2,0.2,0.2,0.2,0.2,0.2,0.2,0.2,0.2,0.2,0,1,0.5,0.5,0.2,0.2,0.2,0.2,0.2,0.2,0.2,0.2,0.2,0.2,1,0,0,1,0.2,0.2,0.2,0.2,0.2,1,0,0,0,0,1,0,0,1,0.2,0.2,0.2,0.2,0.2,1,0,0,0,0,1,0,0,1,0.2,0.2,0.2,0.2,0.2,1,0,0,0,0,1,0,0,1,0.2,0.2,0.2,0.2,0.2,0,1,0,0,0,1,0,0,1,0.2,0.2,0.2,0.2,0.2,0,1,0,0,0
0,1,0.5,0.5,0.2,0.2,0.2,0.2,0.2,0.2,0.2,0.2,0.2,0.2,0,1,0.5,0.5,0.2,0.2,0.2,0.2,0.2,0.2,0.2,0.2,0.2,0.2,0,1,0.5,0.5,0.2,0.2,0.2,0.2,0.2,0.2,0.2,0.2,0.2,0.2,0,1,0.5,0.5,0.2,0.2,0.2,0.2,0.2,0.2,0.2,0.2,0.2,0.2,0,1,0.5,0.5,0.2,0.2,0.2,0.2,0.2,0.2,0.2,0.2,0.2,0.2,1,0,0,1,0.2,0.2,0.2,0.2,0.2,1,0,0,0,0,1,0,0,1,0.2,0.2,0.2,0.2,0.2,1,0,0,0,0,1,0,0,1,0.2,0.2,0.2,0.2,0.2,0,1,0,0,0,1,0,0,1,0.2,0.2,0.2,0.2,0.2,0,1,0,0,0,1,0,0,1,0.2,0.2,0.2,0.2,0.2,0,1,0,0,0
0,1,0.5,0.5,0.2,0.2,0.2,0.2,0.2,0.2,0.2,0.2,0.2,0.2,0,1,0.5,0.5,0.2,0.2,0.2,0.2,0.2,0.2,0.2,0.2,0.2,0.2,0,1,0.5,0.5,0.2,0.2,0.2,0.2,0.2,0.2,0.2,0.2,0.2,0.2,0,1,0.5,0.5,0.2,0.2,0.2,0.2,0.2,0.2,0.2,0.2,0.2,0.2,0,1,0.5,0.5,0.2,0.2,0.2,0.2,0.2,0.2,0.2,0.2,0.2,0.2,1,0,0,1,0.2,0.2,0.2,0.2,0.2,1,0,0,0,0,1,0,0,1,0.2,0.2,0.2,0.2,0.2,1,0,0,0,0,1,0,0,1,0.2,0.2,0.2,0.2,0.2,1,0,0,0,0,0.4810044795438706,0.5189955204561294,0,1,0.2,0.2,0.2,0.2,0.2,0,1,0,0,0,0,1,0.5,0.5,0.2,0.2,0.2,0.2,0.2,0.2,0.2,0.2,0.2,0.2
0,1,0.5,0.5,0.2,0.2,0.2,0.2,0.2,0.2,0.2,0.2,0.2,0.2,0,1,0.5,0.5,0.2,0.2,0.2,0.2,0.2,0.2,0.2,0.2,0.2,0.2,0,1,0.5,0.5,0.2,0.2,0.2,0.2,0.2,0.2,0.2,0.2,0.2,0.2,0,1,0.5,0.5,0.2,0.2,0.2,0.2,0.2,0.2,0.2,0.2,0.2,0.2,0,1,0.5,0.5,0.2,0.2,0.2,0.2,0.2,0.2,0.2,0.2,0.2,0.2,1,0,0,1,0.2,0.2,0.2,0.2,0.2,0,1,0,0,0,1,0,0,1,0.2,0.2,0.2,0.2,0.2,0,1,0,0,0,1,0,0,1,0.2,0.2,0.2,0.2,0.2,0,1,0,0,0,1,0,0,1,0.2,0.2,0.2,0.2,0.2,0,1,0,0,0,1,0,0,1,0.2,0.2,0.2,0.2,0.2,0,1,0,0,0
0,1,0.5,0.5,0.2,0.2,0.2,0.2,0.2,0.2,0.2,0.2,0.2,0.2,0,1,0.5,0.5,0.2,0.2,0.2,0.2,0.2,0.2,0.2,0.2,0.2,0.2,0,1,0.5,0.5,0.2,0.2,0.2,0.2,0.2,0.2,0.2,0.2,0.2,0.2,0,1,0.5,0.5,0.2,0.2,0.2,0.2,0.2,0.2,0.2,0.2,0.2,0.2,0,1,0.5,0.5,0.2,0.2,0.2,0.2,0.2,0.2,0.2,0.2,0.2,0.2,1,0,0,1,0.2,0.2,0.2,0.2,0.2,1,0,0,0,0,1,0,0,1,0.2,0.2,0.2,0.2,0.2,1,0,0,0,0,0.5058346827259109,0.4941653172740891,0,1,0.2,0.2,0.2,0.2,0.2,1,0,0,0,0,0,1,0.5,0.5,0.2,0.2,0.2,0.2,0.2,0.2,0.2,0.2,0.2,0.2,0.5025907595724112,0.4974092404275888,0.44857039185104797,0.551429608148952,1,0,0,0,0,1,0,0,0,0
0,1,0.5,0.5,0.2,0.2,0.2,0.2,0.2,0.2,0.2,0.2,0.2,0.2,0,1,0.5,0.5,0.2,0.2,0.2,0.2,0.2,0.2,0.2,0.2,0.2,0.2,0,1,0.5,0.5,0.2,0.2,0.2,0.2,0.2,0.2,0.2,0.2,0.2,0.2,0,1,0.5,0.5,0.2,0.2,0.2,0.2,0.2,0.2,0.2,0.2,0.2,0.2,0,1,0.5,0.5,0.2,0.2,0.2,0.2,0.2,0.2,0.2,0.2,0.2,0.2,1,0,0,1,0.2,0.2,0.2,0.2,0.2,1,0,0,0,0,1,0,0,1,0.2,0.2,0.2,0.2,0.2,1,0,0,0,0,1,0,0,1,0.2,0.2,0.2,0.2,0.2,1,0,0,0,0,1,0,0,1,0.2,0.2,0.2,0.2,0.2,0,1,0,0,0,0,1,0.5,0.5,0.2,0.2,0.2,0.2,0.2,0.2,0.2,0.2,0.2,0.2
1,0,0,1,0.2,0.2,0.2,0.2,0.2,0,0,0,0,1,1,0,0,1,0.2,0.2,0.2,0.2,0.2,0,0,0,0,1,1,0,0,1,0.2,0.2,0.2,0.2,0.2,0,0,0,0,1,1,0,0,1,0.2,0.2,0.2,0.2,0.2,0,0,0,0,1,1,0,0,1,0.2,0.2,0.2,0.2,0.2,0,0,0,0,1,0,1,0.5,0.5,0.2,0.2,0.2,0.2,0.2,0.2,0.2,0.2,0.2,0.2,0,1,0.5,0.5,0.2,0.2,0.2,0.2,0.2,0.2,0.2,0.2,0.2,0.2,0,1,0.5,0.5,0.2,0.2,0.2,0.2,0.2,0.2,0.2,0.2,0.2,0.2,0,1,0.5,0.5,0.2,0.2,0.2,0.2,0.2,0.2,0.2,0.2,0.2,0.2,0,1,0.5,0.5,0.2,0.2,0.2,0.2,0.2,0.2,0.2,0.2,0.2,0.2
1,0,0,1,0.2,0.2,0.2,0.2,0.2,0,0,0,1,0,1,0,0,1,0.2,0.2,0.2,0.2,0.2,0,0,0,1,0,1,0,0,1,0.2,0.2,0.2,0.2,0.2,0,0,0,1,0,1,0,0,1,0.2,0.2,0.2,0.2,0.2,0,0,0,1,0,1,0,0,1,0.2,0.2,0.2,0.2,0.2,0,0,0,0,1,0,1,0.5,0.5,0.2,0.2,0.2,0.2,0.2,0.2,0.2,0.2,0.2,0.2,0,1,0.5,0.5,0.2,0.2,0.2,0.2,0.2,0.2,0.2,0.2,0.2,0.2,0,1,0.5,0.5,0.2,0.2,0.2,0.2,0.2,0.2,0.2,0.2,0.2,0.2,0,1,0.5,0.5,0.2,0.2,0.2,0.2,0.2,0.2,0.2,0.2,0.2,0.2,0,1,0.5,0.5,0.2,0.2,0.2,0.2,0.2,0.2,0.2,0.2,0.2,0.2
0,1,0.5,0.5,0.2,0.2,0.2,0.2,0.2,0.2,0.2,0.2,0.2,0.2,0,1,0.5,0.5,0.2,0.2,0.2,0.2,0.2,0.2,0.2,0.2,0.2,0.2,0,1,0.5,0.5,0.2,0.2,0.2,0.2,0.2,0.2,0.2,0.2,0.2,0.2,0,1,0.5,0.5,0.2,0.2,0.2,0.2,0.2,0.2,0.2,0.2,0.2,0.2,0,1,0.5,0.5,0.2,0.2,0.2,0.2,0.2,0.2,0.2,0.2,0.2,0.2,1,0,0,1,0.2,0.2,0.2,0.2,0.2,1,0,0,0,0,1,0,0,1,0.2,0.2,0.2,0.2,0.2,1,0,0,0,0,1,0,0,1,0.2,0.2,0.2,0.2,0.2,1,0,0,0,0,0,1,0.5,0.5,0.2,0.2,0.2,0.2,0.2,0.2,0.2,0.2,0.2,0.2,0.34377680273391126,0.6562231972660887,0.8780095957846403,0.12199040421535975,0,1,0,0,0,0,1,0,0,0
0,1,0.5,0.5,0.2,0.2,0.2,0.2,0.2,0.2,0.2,0.2,0.2,0.2,0,1,0.5,0.5,0.2,0.2,0.2,0.2,0.2,0.2,0.2,0.2,0.2,0.2,0,1,0.5,0.5,0.2,0.2,0.2,0.2,0.2,0.2,0.2,0.2,0.2,0.2,0,1,0.5,0.5,0.2,0.2,0.2,0.2,0.2,0.2,0.2,0.2,0.2,0.2,0,1,0.5,0.5,0.2,0.2,0.2,0.2,0.2,0.2,0.2,0.2,0.2,0.2,1,0,0,1,0.2,0.2,0.2,0.2,0.2,0,1,0,0,0,1,0,0,1,0.2,0.2,0.2,0.2,0.2,0,1,0,0,0,1,0,0,1,0.2,0.2,0.2,0.2,0.2,0,1,0,0,0,0,1,0.5,0.5,0.2,0.2,0.2,0.2,0.2,0.2,0.2,0.2,0.2,0.2,0.6276703482153422,0.37232965178465793,0,1,0.2,0.2,0.2,0.2,0.2,0,1,0,0,0
0,1,0.5,0.5,0.2,0.2,0.2,0.2,0.2,0.2,0.2,0.2,0.2,0.2,0,1,0.5,0.5,0.2,0.2,0.2,0.2,0.2,0.2,0.2,0.2,0.2,0.2,0,1,0.5,0.5,0.2,0.2,0.2,0.2,0.2,0.2,0.2,0.2,0.2,0.2,0,1,0.5,0.5,0.2,0.2,0.2,0.2,0.2,0.2,0.2,0.2,0.2,0.2,0,1,0.5,0.5,0.2,0.2,0.2,0.2,0.2,0.2,0.2,0.2,0.2,0.2,1,0,0,1,0.2,0.2,0.2,0.2,0.2,1,0,0,0,0,1,0,0,1,0.2,0.2,0.2,0.2,0.2,1,0,0,0,0,1,0,0,1,0.2,0.2,0.2,0.2,0.2,1,0,0,0,0,0,1,0.5,0.5,0.2,0.2,0.2,0.2,0.2,0.2,0.2,0.2,0.2,0.2,0.32300145488177606,0.676998545118224,0.8058414853629978,0.19415851463700218,0.6385724920914353,0.3614275079085648,0,0,0,0,1,0,0,0
