1,0,0,1,0.1,0.1,0.1,0.1,0.1,0.1,0.1,0.1,0.1,0.1,0,1,0,0,0,0,0,0,0,0,1,0,0,1,0.1,0.1,0.1,0.1,0.1,0.1,0.1,0.1,0.1,0.1,0,1,0,0,0,0,0,0,0,0,1,0,0,1,0.1,0.1,0.1,0.1,0.1,0.1,0.1,0.1,0.1,0.1,0,1,0,0,0,0,0,0,0,0,1,0,0,1,0.1,0.1,0.1,0.1,0.1,0.1,0.1,0.1,0.1,0.1,0,1,0,0,0,0,0,0,0,0,1,0,0,1,0.1,0.1,0.1,0.1,0.1,0.1,0.1,0.1,0.1,0.1,0,1,0,0,0,0,0,0,0,0,1,0,0,1,0.1,0.1,0.1,0.1,0.1,0.1,0.1,0.1,0.1,0.1,0,0,0,0,0,0,0,0,1,0,1,0,0,1,0.1,0.1,0.1,0.1,0.1,0.1,0.1,0.1,0.1,0.1,0,0,0,0,0,0,0,0,1,0,1,0,0,1,0.1,0.1,0.1,0.1,0.1,0.1,0.1,0.1,0.1,0.1,0,0,0,0,0,0,0,0,1,0,1,0,0,1,0.1,0.1,0.1,0.1,0.1,0.1,0.1,0.1,0.1,0.1,0,0,0,0,0,0,0,0,1,0,1,0,0,1,0.1,0.1,0.1,0.1,0.1,0.1,0.1,0.1,0.1,0.1,0,0,0,0,0,0,0,0,1,0,1,0,0,1,0.1,0.1,0.1,0.1,0.1,0.1,0.1,0.1,0.1,0.1,0,1,0,0,0,0,0,0,0,0,1,0,0,1,0.1,0.1,0.1,0.1,0.1,0.1,0.1,0.1,0.1,0.1,0,1,0,0,0,0,0,0,0,0,1,0,0,1,0.1,0.1,0.1,0.1,0.1,0.1,0.1,0.1,0.1,0.1,0,1,0,0,0,0,0,0,0,0,1,0,0,1,0.1,0.1,0.1,0.1,0.1,0.1,0.1,0.1,0.1,0.1,0,1,0,0,0,0,0,0,0,0,1,0,0,1,0.1,0.1,0.1,0.1,0.1,0.1,0.1,0.1,0.1,0.1,0,1,0,0,0,0,0,0,0,0,1,0,0,1,0.1,0.1,0.1,0.1,0.1,0.1,0.1,0.1,0.1,0.1,0,0,0,0,0,0,0,0,1,0,1,0,0,1,0.1,0.1,0.1,0.1,0.1,0.1,0.1,0.1,0.1,0.1,0,0,0,0,0,0,0,0,1,0,1,0,0,1,0.1,0.1,0.1,0.1,0.1,0.1,0.1,0.1,0.1,0.1,0,0,0,0,0,0,0,0,1,0,1,0,0,1,0.1,0.1,0.1,0.1,0.1,0.1,0.1,0.1,0.1,0.1,0,0,0,0,0,0,0,0,1,0,1,0,0,1,0.1,0.1,0.1,0.1,0.1,0.1,0.1,0.1,0.1,0.1,0,0,0,0,0,0,0,0,1,0
1,0,0,1,0.1,0.1,0.1,0.1,0.1,0.1,0.1,0.1,0.1,0.1,0,0,1,0,0,0,0,0,0,0,1,0,0,1,0.1,0.1,0.1,0.1,0.1,0.1,0.1,0.1,0.1,0.1,0,0,1,0,0,0,0,0,0,0,1,0,0,1,0.1,0.1,0.1,0.1,0.1,0.1,0.1,0.1,0.1,0.1,0,0,1,0,0,0,0,0,0,0,1,0,0,1,0.1,0.1,0.1,0.1,0.1,0.1,0.1,0.1,0.1,0.1,0,0,1,0,0,0,0,0,0,0,1,0,0,1,0.1,0.1,0.1,0.1,0.1,0.1,0.1,0.1,0.1,0.1,0,0,1,0,0,0,0,0,0,0,1,0,0,1,0.1,0.1,0.1,0.1,0.1,0.1,0.1,0.1,0.1,0.1,0,0,1,0,0,0,0,0,0,0,1,0,0,1,0.1,0.1,0.1,0.1,0.1,0.1,0.1,0.1,0.1,0.1,0,0,0,0,0,0,0,0,1,0,1,0,0,1,0.1,0.1,0.1,0.1,0.1,0.1,0.1,0.1,0.1,0.1,0,0,0,0,0,0,0,0,1,0,1,0,0,1,0.1,0.1,0.1,0.1,0.1,0.1,0.1,0.1,0.1,0.1,0,0,0,0,0,0,0,0,1,0,1,0,0,1,0.1,0.1,0.1,0.1,0.1,0.1,0.1,0.1,0.1,0.1,0,0,0,0,0,0,0,0,1,0,1,0,0,1,0.1,0.1,0.1,0.1,0.1,0.1,0.1,0.1,0.1,0.1,0,0,1,0,0,0,0,0,0,0,1,0,0,1,0.1,0.1,0.1,0.1,0.1,0.1,0.1,0.1,0.1,0.1,0,0,1,0,0,0,0,0,0,0,1,0,0,1,0.1,0.1,0.1,0.1,0.1,0.1,0.1,0.1,0.1,0.1,0,0,1,0,0,0,0,0,0,0,1,0,0,1,0.1,0.1,0.1,0.1,0.1,0.1,0.1,0.1,0.1,0.1,0,0,1,0,0,0,0,0,0,0,1,0,0,1,0.1,0.1,0.1,0.1,0.1,0.1,0.1,0.1,0.1,0.1,0,0,1,0,0,0,0,0,0,0,1,0,0,1,0.1,0.1,0.1,0.1,0.1,0.1,0.1,0.1,0.1,0.1,0,0,0,0,0,0,0,0,1,0,1,0,0,1,0.1,0.1,0.1,0.1,0.1,0.1,0.1,0.1,0.1,0.1,0,0,0,0,0,0,0,0,1,0,1,0,0,1,0.1,0.1,0.1,0.1,0.1,0.1,0.1,0.1,0.1,0.1,0,0,0,0,0,0,0,0,1,0,1,0,0,1,0.1,0.1,0.1,0.1,0.1,0.1,0.1,0.1,0.1,0.1,0,0,0,0,0,0,0,0,1,0,1,0,0,1,0.1,0.1,0.1,0.1,0.1,0.1,0.1,0.1,0.1,0.1,0,0,0,0,0,0,0,0,1,0
1,0,0,1,0.1,0.1,0.1,0.1,0.1,0.1,0.1,0.1,0.1,0.1,0,1,0,0,0,0,0,0,0,0,1,0,0,1,0.1,0.1,0.1,0.1,0.1,0.1,0.1,0.1,0.1,0.1,0,1,0,0,0,0,0,0,0,0,1,0,0,1,0.1,0.1,0.1,0.1,0.1,0.1,0.1,0.1,0.1,0.1,0,1,0,0,0,0,0,0,0,0,1,0,0,1,0.1,0.1,0.1,0.1,0.1,0.1,0.1,0.1,0.1,0.1,0,1,0,0,0,0,0,0,0,0,1,0,0,1,0.1,0.1,0.1,0.1,0.1,0.1,0.1,0.1,0.1,0.1,0,1,0,0,0,0,0,0,0,0,1,0,0,1,0.1,0.1,0.1,0.1,0.1,0.1,0.1,0.1,0.1,0.1,0,0,0,0,0,0,0,1,0,0,1,0,0,1,0.1,0.1,0.1,0.1,0.1,0.1,0.1,0.1,0.1,0.1,0,0,0,0,0,0,0,1,0,0,1,0,0,1,0.1,0.1,0.1,0.1,0.1,0.1,0.1,0.1,0.1,0.1,0,0,0,0,0,0,0,1,0,0,1,0,0,1,0.1,0.1,0.1,0.1,0.1,0.1,0.1,0.1,0.1,0.1,0,0,0,0,0,0,0,1,0,0,1,0,0,1,0.1,0.1,0.1,0.1,0.1,0.1,0.1,0.1,0.1,0.1,0,0,0,0,0,0,0,1,0,0,1,0,0,1,0.1,0.1,0.1,0.1,0.1,0.1,0.1,0.1,0.1,0.1,0,1,0,0,0,0,0,0,0,0,1,0,0,1,0.1,0.1,0.1,0.1,0.1,0.1,0.1,0.1,0.1,0.1,0,1,0,0,0,0,0,0,0,0,1,0,0,1,0.1,0.1,0.1,0.1,0.1,0.1,0.1,0.1,0.1,0.1,0,1,0,0,0,0,0,0,0,0,1,0,0,1,0.1,0.1,0.1,0.1,0.1,0.1,0.1,0.1,0.1,0.1,0,1,0,0,0,0,0,0,0,0,1,0,0,1,0.1,0.1,0.1,0.1,0.1,0.1,0.1,0.1,0.1,0.1,0,0,0,0,0,0,0,1,0,0,1,0,0,1,0.1,0.1,0.1,0.1,0.1,0.1,0.1,0.1,0.1,0.1,0,0,0,0,0,0,0,1,0,0,1,0,0,1,0.1,0.1,0.1,0.1,0.1,0.1,0.1,0.1,0.1,0.1,0,0,0,0,0,0,0,1,0,0,1,0,0,1,0.1,0.1,0.1,0.1,0.1,0.1,0.1,0.1,0.1,0.1,0,0,0,0,0,0,0,1,0,0,1,0,0,1,0.1,0.1,0.1,0.1,0.1,0.1,0.1,0.1,0.1,0.1,0,0,0,0,0,0,0,1,0,0,1,0,0,1,0.1,0.1,0.1,0.1,0.1,0.1,0.1,0.1,0.1,0.1,0,0,0,0,0,0,0,1,0,0
0,1,0.5,0.5,0.1,0.1,0.1,0.1,0.1,0.1,0.1,0.1,0.1,0.1,0.1,0.1,0.1,0.1,0.1,0.1,0.1,0.1,0.1,0.1,0,1,0.5,0.5,0.1,0.1,0.1,0.1,0.1,0.1,0.1,0.1,0.1,0.1,0.1,0.1,0.1,0.1,0.1,0.1,0.1,0.1,0.1,0.1,0,1,0.5,0.5,0.1,0.1,0.1,0.1,0.1,0.1,0.1,0.1,0.1,0.1,0.1,0.1,0.1,0.1,0.1,0.1,0.1,0.1,0.1,0.1,0,1,0.5,0.5,0.1,0.1,0.1,0.1,0.1,0.1,0.1,0.1,0.1,0.1,0.1,0.1,0.1,0.1,0.1,0.1,0.1,0.1,0.1,0.1,1,0,1,0,0,0,0,0,0,0,0,0,1,0,0.1,0.1,0.1,0.1,0.1,0.1,0.1,0.1,0.1,0.1,1,0,0,1,0.1,0.1,0.1,0.1,0.1,0.1,0.1,0.1,0.1,0.1,0,0,0,0,0,0,0,0,1,0,1,0,0,1,0.1,0.1,0.1,0.1,0.1,0.1,0.1,0.1,0.1,0.1,0,0,0,0,0,0,0,0,1,0,1,0,0,1,0.1,0.1,0.1,0.1,0.1,0.1,0.1,0.1,0.1,0.1,0,0,0,0,0,0,0,0,1,0,1,0,0,1,0.1,0.1,0.1,0.1,0.1,0.1,0.1,0.1,0.1,0.1,0,0,0,0,0,0,0,0,1,0,1,0,0,1,0.1,0.1,0.1,0.1,0.1,0.1,0.1,0.1,0.1,0.1,0,0,0,0,0,0,0,0,1,0,1,0,0,1,0.1,0.1,0.1,0.1,0.1,0.1,0.1,0.1,0.1,0.1,1,0,0,0,0,0,0,0,0,0,1,0,0,1,0.1,0.1,0.1,0.1,0.1,0.1,0.1,0.1,0.1,0.1,1,0,0,0,0,0,0,0,0,0,1,0,0,1,0.1,0.1,0.1,0.1,0.1,0.1,0.1,0.1,0.1,0.1,1,0,0,0,0,0,0,0,0,0,1,0,0,1,0.1,0.1,0.1,0.1,0.1,0.1,0.1,0.1,0.1,0.1,1,0,0,0,0,0,0,0,0,0,1,0,0,1,0.1,0.1,0.1,0.1,0.1,0.1,0.1,0.1,0.1,0.1,0,0.6535271175849742,0.3464728824150258,0,0,0,0,0,0,0,1,0,0,1,0.1,0.1,0.1,0.1,0.1,0.1,0.1,0.1,0.1,0.1,0,0,0,0,0,0,0,0,1,0,1,0,0,1,0.1,0.1,0.1,0.1,0.1,0.1,0.1,0.1,0.1,0.1,0,0,0,0,0,0,0,0,1,0,1,0,0,1,0.1,0.1,0.1,0.1,0.1,0.1,0.1,0.1,0.1,0.1,0,0,0,0,0,0,0,0,1,0,1,0,0,1,0.1,0.1,0.1,0.1,0.1,0.1,0.1,0.1,0.1,0.1,0,0,0,0,0,0,0,0,1,0,1,0,0,1,0.1,0.1,0.1,0.1,0.1,0.1,0.1,0.1,0.1,0.1,0,0,0,0,0,0,0,0,1,0
1,0,0,1,0.1,0.1,0.1,0.1,0.1,0.1,0.1,0.1,0.1,0.1,0,1,0,0,0,0,0,0,0,0,1,0,0,1,0.1,0.1,0.1,0.1,0.1,0.1,0.1,0.1,0.1,0.1,0,1,0,0,0,0,0,0,0,0,1,0,0,1,0.1,0.1,0.1,0.1,0.1,0.1,0.1,0.1,0.1,0.1,0,1,0,0,0,0,0,0,0,0,1,0,0,1,0.1,0.1,0.1,0.1,0.1,0.1,0.1,0.1,0.1,0.1,0,1,0,0,0,0,0,0,0,0,1,0,0,1,0.1,0.1,0.1,0.1,0.1,0.1,0.1,0.1,0.1,0.1,0,1,0,0,0,0,0,0,0,0,1,0,0,1,0.1,0.1,0.1,0.1,0.1,0.1,0.1,0.1,0.1,0.1,0,0,0,0,0,0,0,0.6896780089870417,0,0.3103219910129583,1,0,0,1,0.1,0.1,0.1,0.1,0.1,0.1,0.1,0.1,0.1,0.1,0,0,0,0,0,0,0,0,0,1,1,0,0,1,0.1,0.1,0.1,0.1,0.1,0.1,0.1,0.1,0.1,0.1,0,0,0,0,0,0,0,0,0,1,1,0,0,1,0.1,0.1,0.1,0.1,0.1,0.1,0.1,0.1,0.1,0.1,0,0,0,0,0,0,0,0,0,1,1,0,0,1,0.1,0.1,0.1,0.1,0.1,0.1,0.1,0.1,0.1,0.1,0,0,0,0,0,0,0,0,0,1,1,0,0,1,0.1,0.1,0.1,0.1,0.1,0.1,0.1,0.1,0.1,0.1,0,1,0,0,0,0,0,0,0,0,1,0,0,1,0.1,0.1,0.1,0.1,0.1,0.1,0.1,0.1,0.1,0.1,0,1,0,0,0,0,0,0,0,0,1,0,0,1,0.1,0.1,0.1,0.1,0.1,0.1,0.1,0.1,0.1,0.1,0,1,0,0,0,0,0,0,0,0,1,0,0,1,0.1,0.1,0.1,0.1,0.1,0.1,0.1,0.1,0.1,0.1,0,1,0,0,0,0,0,0,0,0,1,0,0,1,0.1,0.1,0.1,0.1,0.1,0.1,0.1,0.1,0.1,0.1,0,1,0,0,0,0,0,0,0,0,1,0,1,0,0,1,0,0,0,0,0,0,0,0,0.1,0.1,0.1,0.1,0.1,0.1,0.1,0.1,0.1,0.1,0,1,0.5,0.5,0.1,0.1,0.1,0.1,0.1,0.1,0.1,0.1,0.1,0.1,0.1,0.1,0.1,0.1,0.1,0.1,0.1,0.1,0.1,0.1,0,1,0.5,0.5,0.1,0.1,0.1,0.1,0.1,0.1,0.1,0.1,0.1,0.1,0.1,0.1,0.1,0.1,0.1,0.1,0.1,0.1,0.1,0.1,0,1,0.5,0.5,0.1,0.1,0.1,0.1,0.1,0.1,0.1,0.1,0.1,0.1,0.1,0.1,0.1,0.1,0.1,0.1,0.1,0.1,0.1,0.1,0,1,0.5,0.5,0.1,0.1,0.1,0.1,0.1,0.1,0.1,0.1,0.1,0.1,0.1,0.1,0.1,0.1,0.1,0.1,0.1,0.1,0.1,0.1
0,1,0.5,0.5,0.1,0.1,0.1,0.1,0.1,0.1,0.1,0.1,0.1,0.1,0.1,0.1,0.1,0.1,0.1,0.1,0.1,0.1,0.1,0.1,0,1,0.5,0.5,0.1,0.1,0.1,0.1,0.1,0.1,0.1,0.1,0.1,0.1,0.1,0.1,0.1,0.1,0.1,0.1,0.1,0.1,0.1,0.1,0,1,0.5,0.5,0.1,0.1,0.1,0.1,0.1,0.1,0.1,0.1,0.1,0.1,0.1,0.1,0.1,0.1,0.1,0.1,0.1,0.1,0.1,0.1,0,1,0.5,0.5,0.1,0.1,0.1,0.1,0.1,0.1,0.1,0.1,0.1,0.1,0.1,0.1,0.1,0.1,0.1,0.1,0.1,0.1,0.1,0.1,1,0,1,0,0,0,0,0,0,0,0,0,1,0,0.1,0.1,0.1,0.1,0.1,0.1,0.1,0.1,0.1,0.1,1,0,0,1,0.1,0.1,0.1,0.1,0.1,0.1,0.1,0.1,0.1,0.1,0,0,0,0,0,0,0,0,1,0,1,0,0,1,0.1,0.1,0.1,0.1,0.1,0.1,0.1,0.1,0.1,0.1,0,0,0,0,0,0,0,0,1,0,1,0,0,1,0.1,0.1,0.1,0.1,0.1,0.1,0.1,0.1,0.1,0.1,0,0,0,0,0,0,0,0,1,0,1,0,0,1,0.1,0.1,0.1,0.1,0.1,0.1,0.1,0.1,0.1,0.1,0,0,0,0,0,0,0,0,1,0,1,0,0,1,0.1,0.1,0.1,0.1,0.1,0.1,0.1,0.1,0.1,0.1,0,0,0,0,0,0,0,0,1,0,1,0,0,1,0.1,0.1,0.1,0.1,0.1,0.1,0.1,0.1,0.1,0.1,1,0,0,0,0,0,0,0,0,0,1,0,0,1,0.1,0.1,0.1,0.1,0.1,0.1,0.1,0.1,0.1,0.1,1,0,0,0,0,0,0,0,0,0,1,0,0,1,0.1,0.1,0.1,0.1,0.1,0.1,0.1,0.1,0.1,0.1,1,0,0,0,0,0,0,0,0,0,1,0,0,1,0.1,0.1,0.1,0.1,0.1,0.1,0.1,0.1,0.1,0.1,0.7201880076102625,0.27981199238973753,0,0,0,0,0,0,0,0,1,0,0,1,0.1,0.1,0.1,0.1,0.1,0.1,0.1,0.1,0.1,0.1,0,1,0,0,0,0,0,0,0,0,1,0,0,1,0.1,0.1,0.1,0.1,0.1,0.1,0.1,0.1,0.1,0.1,0,0,0,0,0,0,0,0,1,0,1,0,0,1,0.1,0.1,0.1,0.1,0.1,0.1,0.1,0.1,0.1,0.1,0,0,0,0,0,0,0,0,1,0,1,0,0,1,0.1,0.1,0.1,0.1,0.1,0.1,0.1,0.1,0.1,0.1,0,0,0,0,0,0,0,0,1,0,1,0,0,1,0.1,0.1,0.1,0.1,0.1,0.1,0.1,0.1,0.1,0.1,0,0,0,0,0,0,0,0,1,0,1,0,0,1,0.1,0.1,0.1,0.1,0.1,0.1,0.1,0.1,0.1,0.1,0,0,0,0,0,0,0,0,1,0
1,0,0,1,0.1,0.1,0.1,0.1,0.1,0.1,0.1,0.1,0.1,0.1,0,1,0,0,0,0,0,0,0,0,1,0,0,1,0.1,0.1,0.1,0.1,0.1,0.1,0.1,0.1,0.1,0.1,0,1,0,0,0,0,0,0,0,0,1,0,0,1,0.1,0.1,0.1,0.1,0.1,0.1,0.1,0.1,0.1,0.1,0,1,0,0,0,0,0,0,0,0,1,0,0,1,0.1,0.1,0.1,0.1,0.1,0.1,0.1,0.1,0.1,0.1,0,1,0,0,0,0,0,0,0,0,1,0,0,1,0.1,0.1,0.1,0.1,0.1,0.1,0.1,0.1,0.1,0.1,0,1,0,0,0,0,0,0,0,0,1,0,0,1,0.1,0.1,0.1,0.1,0.1,0.1,0.1,0.1,0.1,0.1,0,0,0,0,0,0,0,0,1,0,1,0,0,1,0.1,0.1,0.1,0.1,0.1,0.1,0.1,0.1,0.1,0.1,0,0,0,0,0,0,0,0,0.2800390138528732,0.7199609861471268,1,0,0,1,0.1,0.1,0.1,0.1,0.1,0.1,0.1,0.1,0.1,0.1,0,0,0,0,0,0,0,0,0,1,1,0,0,1,0.1,0.1,0.1,0.1,0.1,0.1,0.1,0.1,0.1,0.1,0,0,0,0,0,0,0,0,0,1,1,0,0,1,0.1,0.1,0.1,0.1,0.1,0.1,0.1,0.1,0.1,0.1,0,0,0,0,0,0,0,0,0,1,1,0,0,1,0.1,0.1,0.1,0.1,0.1,0.1,0.1,0.1,0.1,0.1,0,1,0,0,0,0,0,0,0,0,1,0,0,1,0.1,0.1,0.1,0.1,0.1,0.1,0.1,0.1,0.1,0.1,0,1,0,0,0,0,0,0,0,0,1,0,0,1,0.1,0.1,0.1,0.1,0.1,0.1,0.1,0.1,0.1,0.1,0,1,0,0,0,0,0,0,0,0,1,0,0,1,0.1,0.1,0.1,0.1,0.1,0.1,0.1,0.1,0.1,0.1,0,1,0,0,0,0,0,0,0,0,1,0,0,1,0.1,0.1,0.1,0.1,0.1,0.1,0.1,0.1,0.1,0.1,0,1,0,0,0,0,0,0,0,0,1,0,1,0,0,1,0,0,0,0,0,0,0,0,0.1,0.1,0.1,0.1,0.1,0.1,0.1,0.1,0.1,0.1,0,1,0.5,0.5,0.1,0.1,0.1,0.1,0.1,0.1,0.1,0.1,0.1,0.1,0.1,0.1,0.1,0.1,0.1,0.1,0.1,0.1,0.1,0.1,0,1,0.5,0.5,0.1,0.1,0.1,0.1,0.1,0.1,0.1,0.1,0.1,0.1,0.1,0.1,0.1,0.1,0.1,0.1,0.1,0.1,0.1,0.1,0,1,0.5,0.5,0.1,0.1,0.1,0.1,0.1,0.1,0.1,0.1,0.1,0.1,0.1,0.1,0.1,0.1,0.1,0.1,0.1,0.1,0.1,0.1,0,1,0.5,0.5,0.1,0.1,0.1,0.1,0.1,0.1,0.1,0.1,0.1,0.1,0.1,0.1,0.1,0.1,0.1,0.1,0.1,0.1,0.1,0.1
1,0,0,1,0.1,0.1,0.1,0.1,0.1,0.1,0.1,0.1,0.1,0.1,0,1,0,0,0,0,0,0,0,0,1,0,0,1,0.1,0.1,0.1,0.1,0.1,0.1,0.1,0.1,0.1,0.1,0,1,0,0,0,0,0,0,0,0,1,0,0,1,0.1,0.1,0.1,0.1,0.1,0.1,0.1,0.1,0.1,0.1,0,1,0,0,0,0,0,0,0,0,1,0,0,1,0.1,0.1,0.1,0.1,0.1,0.1,0.1,0.1,0.1,0.1,0,1,0,0,0,0,0,0,0,0,1,0,0,1,0.1,0.1,0.1,0.1,0.1,0.1,0.1,0.1,0.1,0.1,0,1,0,0,0,0,0,0,0,0,1,0,0,1,0.1,0.1,0.1,0.1,0.1,0.1,0.1,0.1,0.1,0.1,0,0,0,0,0,0,0,0.34675576580807765,0.6532442341919223,0,1,0,0,1,0.1,0.1,0.1,0.1,0.1,0.1,0.1,0.1,0.1,0.1,0,0,0,0,0,0,0,0,0,1,1,0,0,1,0.1,0.1,0.1,0.1,0.1,0.1,0.1,0.1,0.1,0.1,0,0,0,0,0,0,0,0,0,1,1,0,0,1,0.1,0.1,0.1,0.1,0.1,0.1,0.1,0.1,0.1,0.1,0,0,0,0,0,0,0,0,0,1,1,0,0,1,0.1,0.1,0.1,0.1,0.1,0.1,0.1,0.1,0.1,0.1,0,0,0,0,0,0,0,0,0,1,1,0,0,1,0.1,0.1,0.1,0.1,0.1,0.1,0.1,0.1,0.1,0.1,0,1,0,0,0,0,0,0,0,0,1,0,0,1,0.1,0.1,0.1,0.1,0.1,0.1,0.1,0.1,0.1,0.1,0,1,0,0,0,0,0,0,0,0,1,0,0,1,0.1,0.1,0.1,0.1,0.1,0.1,0.1,0.1,0.1,0.1,0,1,0,0,0,0,0,0,0,0,1,0,0,1,0.1,0.1,0.1,0.1,0.1,0.1,0.1,0.1,0.1,0.1,0,1,0,0,0,0,0,0,0,0,1,0,0,1,0.1,0.1,0.1,0.1,0.1,0.1,0.1,0.1,0.1,0.1,0,1,0,0,0,0,0,0,0,0,1,0,1,0,0,1,0,0,0,0,0,0,0,0,0.1,0.1,0.1,0.1,0.1,0.1,0.1,0.1,0.1,0.1,0,1,0.5,0.5,0.1,0.1,0.1,0.1,0.1,0.1,0.1,0.1,0.1,0.1,0.1,0.1,0.1,0.1,0.1,0.1,0.1,0.1,0.1,0.1,0,1,0.5,0.5,0.1,0.1,0.1,0.1,0.1,0.1,0.1,0.1,0.1,0.1,0.1,0.1,0.1,0.1,0.1,0.1,0.1,0.1,0.1,0.1,0,1,0.5,0.5,0.1,0.1,0.1,0.1,0.1,0.1,0.1,0.1,0.1,0.1,0.1,0.1,0.1,0.1,0.1,0.1,0.1,0.1,0.1,0.1,0,1,0.5,0.5,0.1,0.1,0.1,0.1,0.1,0.1,0.1,0.1,0.1,0.1,0.1,0.1,0.1,0.1,0.1,0.1,0.1,0.1,0.1,0.1
0,1,0.5,0.5,0.1,0.1,0.1,0.1,0.1,0.1,0.1,0.1,0.1,0.1,0.1,0.1,0.1,0.1,0.1,0.1,0.1,0.1,0.1,0.1,0,1,0.5,0.5,0.1,0.1,0.1,0.1,0.1,0.1,0.1,0.1,0.1,0.1,0.1,0.1,0.1,0.1,0.1,0.1,0.1,0.1,0.1,0.1,0,1,0.5,0.5,0.1,0.1,0.1,0.1,0.1,0.1,0.1,0.1,0.1,0.1,0.1,0.1,0.1,0.1,0.1,0.1,0.1,0.1,0.1,0.1,0.9110110149863512,0.08898898501364884,1,0,0,0,0,0,0,0,0,1,0,0,0.1,0.1,0.1,0.1,0.1,0.1,0.1,0.1,0.1,0.1,1,0,1,0,0,0,0,0,0,0,0,1,0,0,0.1,0.1,0.1,0.1,0.1,0.1,0.1,0.1,0.1,0.1,1,0,0,1,0.1,0.1,0.1,0.1,0.1,0.1,0.1,0.1,0.1,0.1,0,0,0,0,0,0,0,1,0,0,1,0,0,1,0.1,0.1,0.1,0.1,0.1,0.1,0.1,0.1,0.1,0.1,0,0,0,0,0,0,0,1,0,0,1,0,0,1,0.1,0.1,0.1,0.1,0.1,0.1,0.1,0.1,0.1,0.1,0,0,0,0,0,0,0,1,0,0,1,0,0,1,0.1,0.1,0.1,0.1,0.1,0.1,0.1,0.1,0.1,0.1,0,0,0,0,0,0,0,1,0,0,1,0,0,1,0.1,0.1,0.1,0.1,0.1,0.1,0.1,0.1,0.1,0.1,0,0,0,0,0,0,0,1,0,0,1,0,0,1,0.1,0.1,0.1,0.1,0.1,0.1,0.1,0.1,0.1,0.1,1,0,0,0,0,0,0,0,0,0,1,0,0,1,0.1,0.1,0.1,0.1,0.1,0.1,0.1,0.1,0.1,0.1,1,0,0,0,0,0,0,0,0,0,1,0,0,1,0.1,0.1,0.1,0.1,0.1,0.1,0.1,0.1,0.1,0.1,1,0,0,0,0,0,0,0,0,0,1,0,0,1,0.1,0.1,0.1,0.1,0.1,0.1,0.1,0.1,0.1,0.1,0.7664023360565546,0.23359766394344547,0,0,0,0,0,0,0,0,1,0,0,1,0.1,0.1,0.1,0.1,0.1,0.1,0.1,0.1,0.1,0.1,0,0.7411506276851161,0,0,0,0,0,0.258849372314884,0,0,1,0,0,1,0.1,0.1,0.1,0.1,0.1,0.1,0.1,0.1,0.1,0.1,0,0,0,0,0,0,0,1,0,0,1,0,0,1,0.1,0.1,0.1,0.1,0.1,0.1,0.1,0.1,0.1,0.1,0,0,0,0,0,0,0,1,0,0,1,0,0,1,0.1,0.1,0.1,0.1,0.1,0.1,0.1,0.1,0.1,0.1,0,0,0,0,0,0,0,1,0,0,1,0,0,1,0.1,0.1,0.1,0.1,0.1,0.1,0.1,0.1,0.1,0.1,0,0,0,0,0,0,0,1,0,0,1,0,0,1,0.1,0.1,0.1,0.1,0.1,0.1,0.1,0.1,0.1,0.1,0,0,0,0,0,0,0,1,0,0
1,0,0,1,0.1,0.1,0.1,0.1,0.1,0.1,0.1,0.1,0.1,0.1,0,0,1,0,0,0,0,0,0,0,1,0,0,1,0.1,0.1,0.1,0.1,0.1,0.1,0.1,0.1,0.1,0.1,0,0,1,0,0,0,0,0,0,0,1,0,0,1,0.1,0.1,0.1,0.1,0.1,0.1,0.1,0.1,0.1,0.1,0,0,1,0,0,0,0,0,0,0,1,0,0,1,0.1,0.1,0.1,0.1,0.1,0.1,0.1,0.1,0.1,0.1,0,0,1,0,0,0,0,0,0,0,1,0,0,1,0.1,0.1,0.1,0.1,0.1,0.1,0.1,0.1,0.1,0.1,0,0,1,0,0,0,0,0,0,0,1,0,0,1,0.1,0.1,0.1,0.1,0.1,0.1,0.1,0.1,0.1,0.1,0,0,0.258810523241925,0,0,0,0,0.289662210896693,0.4515272658613821,0,1,0,0,1,0.1,0.1,0.1,0.1,0.1,0.1,0.1,0.1,0.1,0.1,0,0,0,0,0,0,0,0,0,1,1,0,0,1,0.1,0.1,0.1,0.1,0.1,0.1,0.1,0.1,0.1,0.1,0,0,0,0,0,0,0,0,0,1,1,0,0,1,0.1,0.1,0.1,0.1,0.1,0.1,0.1,0.1,0.1,0.1,0,0,0,0,0,0,0,0,0,1,1,0,0,1,0.1,0.1,0.1,0.1,0.1,0.1,0.1,0.1,0.1,0.1,0,0,0,0,0,0,0,0,0,1,1,0,0,1,0.1,0.1,0.1,0.1,0.1,0.1,0.1,0.1,0.1,0.1,0,0,1,0,0,0,0,0,0,0,1,0,0,1,0.1,0.1,0.1,0.1,0.1,0.1,0.1,0.1,0.1,0.1,0,0,1,0,0,0,0,0,0,0,1,0,0,1,0.1,0.1,0.1,0.1,0.1,0.1,0.1,0.1,0.1,0.1,0,0,1,0,0,0,0,0,0,0,1,0,0,1,0.1,0.1,0.1,0.1,0.1,0.1,0.1,0.1,0.1,0.1,0,0,1,0,0,0,0,0,0,0,1,0,0,1,0.1,0.1,0.1,0.1,0.1,0.1,0.1,0.1,0.1,0.1,0,0,1,0,0,0,0,0,0,0,1,0,1,0,0,0,1,0,0,0,0,0,0,0,0.1,0.1,0.1,0.1,0.1,0.1,0.1,0.1,0.1,0.1,0.9110162763145705,0.08898372368542964,1,0,0,0,1,0,0,0,0,0,0,0,0.1,0.1,0.1,0.1,0.1,0.1,0.1,0.1,0.1,0.1,0,1,0.5,0.5,0.1,0.1,0.1,0.1,0.1,0.1,0.1,0.1,0.1,0.1,0.1,0.1,0.1,0.1,0.1,0.1,0.1,0.1,0.1,0.1,0,1,0.5,0.5,0.1,0.1,0.1,0.1,0.1,0.1,0.1,0.1,0.1,0.1,0.1,0.1,0.1,0.1,0.1,0.1,0.1,0.1,0.1,0.1,0,1,0.5,0.5,0.1,0.1,0.1,0.1,0.1,0.1,0.1,0.1,0.1,0.1,0.1,0.1,0.1,0.1,0.1,0.1,0.1,0.1,0.1,0.1
0,1,0.5,0.5,0.1,0.1,0.1,0.1,0.1,0.1,0.1,0.1,0.1,0.1,0.1,0.1,0.1,0.1,0.1,0.1,0.1,0.1,0.1,0.1,0,1,0.5,0.5,0.1,0.1,0.1,0.1,0.1,0.1,0.1,0.1,0.1,0.1,0.1,0.1,0.1,0.1,0.1,0.1,0.1,0.1,0.1,0.1,0,1,0.5,0.5,0.1,0.1,0.1,0.1,0.1,0.1,0.1,0.1,0.1,0.1,0.1,0.1,0.1,0.1,0.1,0.1,0.1,0.1,0.1,0.1,0.9110110149863512,0.08898898501364884,1,0,0,0,0,0,0,0,0,1,0,0,0.1,0.1,0.1,0.1,0.1,0.1,0.1,0.1,0.1,0.1,1,0,1,0,0,0,0,0,0,0,0,1,0,0,0.1,0.1,0.1,0.1,0.1,0.1,0.1,0.1,0.1,0.1,1,0,0,1,0.1,0.1,0.1,0.1,0.1,0.1,0.1,0.1,0.1,0.1,0,0,0,0,0,0,0,1,0,0,1,0,0,1,0.1,0.1,0.1,0.1,0.1,0.1,0.1,0.1,0.1,0.1,0,0,0,0,0,0,0,1,0,0,1,0,0,1,0.1,0.1,0.1,0.1,0.1,0.1,0.1,0.1,0.1,0.1,0,0,0,0,0,0,0,1,0,0,1,0,0,1,0.1,0.1,0.1,0.1,0.1,0.1,0.1,0.1,0.1,0.1,0,0,0,0,0,0,0,1,0,0,1,0,0,1,0.1,0.1,0.1,0.1,0.1,0.1,0.1,0.1,0.1,0.1,0,0,0,0,0,0,0,1,0,0,1,0,0,1,0.1,0.1,0.1,0.1,0.1,0.1,0.1,0.1,0.1,0.1,1,0,0,0,0,0,0,0,0,0,1,0,0,1,0.1,0.1,0.1,0.1,0.1,0.1,0.1,0.1,0.1,0.1,1,0,0,0,0,0,0,0,0,0,1,0,0,1,0.1,0.1,0.1,0.1,0.1,0.1,0.1,0.1,0.1,0.1,1,0,0,0,0,0,0,0,0,0,1,0,0,1,0.1,0.1,0.1,0.1,0.1,0.1,0.1,0.1,0.1,0.1,1,0,0,0,0,0,0,0,0,0,1,0,0,1,0.1,0.1,0.1,0.1,0.1,0.1,0.1,0.1,0.1,0.1,0.21466861726760997,0,0.5264820104175061,0,0,0,0,0.258849372314884,0,0,1,0,0,1,0.1,0.1,0.1,0.1,0.1,0.1,0.1,0.1,0.1,0.1,0,0,0,0,0,0,0,1,0,0,1,0,0,1,0.1,0.1,0.1,0.1,0.1,0.1,0.1,0.1,0.1,0.1,0,0,0,0,0,0,0,1,0,0,1,0,0,1,0.1,0.1,0.1,0.1,0.1,0.1,0.1,0.1,0.1,0.1,0,0,0,0,0,0,0,1,0,0,1,0,0,1,0.1,0.1,0.1,0.1,0.1,0.1,0.1,0.1,0.1,0.1,0,0,0,0,0,0,0,1,0,0,1,0,0,1,0.1,0.1,0.1,0.1,0.1,0.1,0.1,0.1,0.1,0.1,0,0,0,0,0,0,0,1,0,0
0,1,0.5,0.5,0.1,0.1,0.1,0.1,0.1,0.1,0.1,0.1,0.1,0.1,0.1,0.1,0.1,0.1,0.1,0.1,0.1,0.1,0.1,0.1,0,1,0.5,0.5,0.1,0.1,0.1,0.1,0.1,0.1,0.1,0.1,0.1,0.1,0.1,0.1,0.1,0.1,0.1,0.1,0.1,0.1,0.1,0.1,0,1,0.5,0.5,0.1,0.1,0.1,0.1,0.1,0.1,0.1,0.1,0.1,0.1,0.1,0.1,0.1,0.1,0.1,0.1,0.1,0.1,0.1,0.1,1,0,0,1,0.1,0.1,0.1,0.1,0.1,0.1,0.1,0.1,0.1,0.1,1,0,0,0,0,0,0,0,0,0,1,0,0,1,0.1,0.1,0.1,0.1,0.1,0.1,0.1,0.1,0.1,0.1,1,0,0,0,0,0,0,0,0,0,1,0,0,1,0.1,0.1,0.1,0.1,0.1,0.1,0.1,0.1,0.1,0.1,0.016997863896401108,0,0,0,0,0,0,0,0.02495801197712347,0.9580441241264754,1,0,0,1,0.1,0.1,0.1,0.1,0.1,0.1,0.1,0.1,0.1,0.1,0,0,0,0,0,0,0,0,0,1,1,0,0,1,0.1,0.1,0.1,0.1,0.1,0.1,0.1,0.1,0.1,0.1,0,0,0,0,0,0,0,0,0,1,1,0,0,1,0.1,0.1,0.1,0.1,0.1,0.1,0.1,0.1,0.1,0.1,0,0,0,0,0,0,0,0,0,1,1,0,0,1,0.1,0.1,0.1,0.1,0.1,0.1,0.1,0.1,0.1,0.1,0,0,0,0,0,0,0,0,0,1,1,0,0,1,0.1,0.1,0.1,0.1,0.1,0.1,0.1,0.1,0.1,0.1,1,0,0,0,0,0,0,0,0,0,1,0,0,1,0.1,0.1,0.1,0.1,0.1,0.1,0.1,0.1,0.1,0.1,1,0,0,0,0,0,0,0,0,0,1,0,0,1,0.1,0.1,0.1,0.1,0.1,0.1,0.1,0.1,0.1,0.1,1,0,0,0,0,0,0,0,0,0,1,0,0,1,0.1,0.1,0.1,0.1,0.1,0.1,0.1,0.1,0.1,0.1,1,0,0,0,0,0,0,0,0,0,1,0,0,1,0.1,0.1,0.1,0.1,0.1,0.1,0.1,0.1,0.1,0.1,1,0,0,0,0,0,0,0,0,0,0.003411080867612325,0.9965889191323877,1,0,1,0,0,0,0,0,0,0,0,0,0.1,0.1,0.1,0.1,0.1,0.1,0.1,0.1,0.1,0.1,0,1,0.5,0.5,0.1,0.1,0.1,0.1,0.1,0.1,0.1,0.1,0.1,0.1,0.1,0.1,0.1,0.1,0.1,0.1,0.1,0.1,0.1,0.1,0,1,0.5,0.5,0.1,0.1,0.1,0.1,0.1,0.1,0.1,0.1,0.1,0.1,0.1,0.1,0.1,0.1,0.1,0.1,0.1,0.1,0.1,0.1,0,1,0.5,0.5,0.1,0.1,0.1,0.1,0.1,0.1,0.1,0.1,0.1,0.1,0.1,0.1,0.1,0.1,0.1,0.1,0.1,0.1,0.1,0.1,0,1,0.5,0.5,0.1,0.1,0.1,0.1,0.1,0.1,0.1,0.1,0.1,0.1,0.1,0.1,0.1,0.1,0.1,0.1,0.1,0.1,0.1,0.1
