"OptionSet","Exploit","Seconds","Filter","All","NoDispute","DisputeArises","LitigQuality","PFiles","DAnswers","PBargains1","DBargains1","POffer1","DOffer1","POfferMixedness1","DOfferMixedness1","Settles1","PBet1","DBet1","PBetMixedness1","DBetMixedness1","PAbandons1","DDefaults1","Trial","PWinPct","PWealth","DWealth","TotWealth","WealthLoss","PWelfare","DWelfare","TotExpense","False+","False-","False+-","False+^2","False-^2","PDSWelfareLoss","SWelfareLoss","Chips","Settles","ValIfSettled","PAbandons","DDefaults","BothReadyToGiveUp","TrulyLiable","PrimaryAction","MutualOptimism","P Files","D Answers","PDoesntFile","DDoesntAnswer","SettlesBR1","PAbandonsBR1","DDefaultsBR1","P Loses","P Wins"
"FSA Costs Multiplier 1 Fee Shifting Multiplier 1 Risk Neutral Case Strength Noise 0.175","0","2","All",1,0,1,0.500008,0.64589,0.212971,1,1,0.521597,0.05,,,0.0820348,,,,,0.0328099,0.0361536,0.058328,0.500005,10.3985,9.45514,19.8537,0.146327,10.3985,9.45514,0.146327,0.0594067,0.0879662,0.147373,0.0369585,0.0343007,0,0.146327,0,0.0820348,0.05,0.0346327,0.0379764,0.00364555,0.50001,0,3.61966E-05,0.64589,0.212971,0.35411,0.432919,0.0820348,0.0328099,0.0361536,0.0291635,0.0291641
"FSA Costs Multiplier 1 Fee Shifting Multiplier 1 Risk Neutral Case Strength Noise 0.175","0","2","NoDispute",0,0,0,,,,,,,,,,,,,,,,,,,,,,,,,,,,,,,,,,,,,,,,,,,,,,,,,,
"FSA Costs Multiplier 1 Fee Shifting Multiplier 1 Risk Neutral Case Strength Noise 0.175","0","2","DisputeArises",1,0,1,0.500008,0.64589,0.212971,1,1,0.521597,0.05,,,0.0820348,,,,,0.0328099,0.0361536,0.058328,0.500005,10.3985,9.45514,19.8537,0.146327,10.3985,9.45514,0.146327,0.0594067,0.0879662,0.147373,0.0369585,0.0343007,0,0.146327,0,0.0820348,0.05,0.0346327,0.0379764,0.00364555,0.50001,0,3.61966E-05,0.64589,0.212971,0.35411,0.432919,0.0820348,0.0328099,0.0361536,0.0291635,0.0291641
"FSA Costs Multiplier 1 Fee Shifting Multiplier 1 Risk Neutral Case Strength Noise 0.175","0","2","PFiles",0.6459,0,0.64589,0.703782,1,0.329733,1,1,0.521597,0.05,,,0.12701,,,,,0.050798,0.0559749,0.090306,0.500005,10.617,9.15643,19.7734,0.226552,10.617,9.15643,0.226552,0.0919764,0.128886,0.220863,0.057221,0.0457983,0,0.226552,0,0.12701,0.05,0.0536201,0.058797,0.00564423,0.766833,0,0.432187,1,0.329733,0,0.670267,0.12701,0.050798,0.0559749,0.0451524,0.0451533
"FSA Costs Multiplier 1 Fee Shifting Multiplier 1 Risk Neutral Case Strength Noise 0.175","0","2","DAnswers",0.213,0,0.212971,0.383675,1,1,1,1,0.521597,0.05,,,0.385191,,,,,0.154058,0.169758,0.273875,0.500005,10.1434,9.4744,19.6178,0.382163,10.1434,9.4744,0.382163,0.239989,0.0918096,0.331799,0.134584,0.0940344,0,0.382163,0,0.385191,0.05,0.162617,0.178317,0.0171175,0.331814,0,2.13015,1,1,0,0,0.385191,0.154058,0.169758,0.136936,0.136939
"FSA Costs Multiplier 1 Fee Shifting Multiplier 1 Risk Neutral Case Strength Noise 0.175","0","2","Litigated",0.213,0,0.212971,0.383675,1,1,1,1,0.521597,0.05,,,0.385191,,,,,0.154058,0.169758,0.273875,0.500005,10.1434,9.4744,19.6178,0.382163,10.1434,9.4744,0.382163,0.239989,0.0918096,0.331799,0.134584,0.0940344,0,0.382163,0,0.385191,0.05,0.162617,0.178317,0.0171175,0.331814,0,2.13015,1,1,0,0,0.385191,0.154058,0.169758,0.136936,0.136939
"FSA Costs Multiplier 1 Fee Shifting Multiplier 1 Risk Neutral Case Strength Noise 0.175","0","2","Not Litigated",0.787,0,0.787029,0.531488,0.550067,0,1,1,,,,,0,,,,,0,0,0,,10.4676,9.44993,19.9175,0.0825101,10.4676,9.44993,0.0825101,0.0105408,0.0869262,0.097467,0.0105408,0.0181366,0,0.0825101,0,0,,0,0,0,0.545524,0,-0.576375,0.550067,0,0.449933,0.550067,0,0,0,0,0
"FSA Costs Multiplier 1 Fee Shifting Multiplier 1 Risk Neutral Case Strength Noise 0.175","0","2","Settles",0.082,0,0.0820348,0.1865,1,1,1,1,0.05,0.05,,,1,,,,,0,0,0,,9.9,9.8,19.7,0.3,9.9,9.8,0.3,0.190819,0.0504978,0.241316,0.0381637,0.0555476,0,0.3,0,1,0.05,0,0,0,0.0459071,0,1.20882,1,1,0,0,1,0,0,0,0
"FSA Costs Multiplier 1 Fee Shifting Multiplier 1 Risk Neutral Case Strength Noise 0.175","0","2","Tried",0.0583,0,0.0583276,0.500004,1,1,1,1,0.91093,0.05,,,0,,,,,0,0,1,0.500005,10.2,9.19999,19.4,0.6,10.2,9.19999,0.6,0.369512,0.111216,0.480729,0.332923,0.177946,0,0.6,0,0,,0,0,0,0.500006,0,3.60033,1,1,0,0,0,0,0,0.499995,0.500005
"FSA Costs Multiplier 1 Fee Shifting Multiplier 1 Risk Neutral Case Strength Noise 0.175","0","2","PWins",0.0292,0,0.0291641,0.720613,1,1,1,1,0.930134,0.05,,,0,,,,,0,0,1,1,11,8.4,19.4,0.6,11,8.4,0.6,0.739018,0,0.739018,0.665839,0,0,0.6,0,0,,0,0,0,0.860982,0,3.60035,1,1,0,0,0,0,0,0,1
"FSA Costs Multiplier 1 Fee Shifting Multiplier 1 Risk Neutral Case Strength Noise 0.175","0","2","DWins",0.0292,0,0.0291635,0.27939,1,1,1,1,0.891726,0.05,,,0,,,,,0,0,1,0,9.4,10,19.4,0.6,9.4,10,0.6,0,0.222435,0.222435,0,0.355896,0,0.6,0,0,,0,0,0,0.139022,0,3.6003,1,1,0,0,0,0,0,1,0
"FSA Costs Multiplier 1 Fee Shifting Multiplier 1 Risk Neutral Case Strength Noise 0.175","0","2","Abandoned",0.0726,0,0.0726091,0.512997,1,1,1,1,0.741659,0.05,,,0,,,,,0.451871,0.497921,0,,10.373,9.32697,19.7,0.3,10.373,9.32697,0.3,0.191495,0.122895,0.314389,0.0841946,0.0701103,0,0.3,0,0,,0.476975,0.523025,0.0502079,0.519726,0,1.99006,1,1,0,0,0,0.451871,0.497921,0,0
"FSA Costs Multiplier 1 Fee Shifting Multiplier 1 Risk Neutral Case Strength Noise 0.175","0","2","Rounds1",0.2093,0,0.209326,0.381649,1,1,1,1,0.521102,0.05,,,0.3919,,,,,0.156741,0.172714,0.278645,0.500005,10.1398,9.47657,19.6164,0.383593,10.1398,9.47657,0.383593,0.237855,0.0877484,0.325604,0.130974,0.0898161,0,0.383593,0,0.3919,0.05,0.156741,0.172714,0,0.328885,0,2.18466,1,1,0,0,0.3919,0.156741,0.172714,0.139321,0.139324
"FSA Costs Multiplier 1 Fee Shifting Multiplier 1 Risk Neutral Case Strength Noise 0.175","0","2","PrePrimary1",0,0,0,,,,,,,,,,,,,,,,,,,,,,,,,,,,,,,,,,,,,,,,,,,,,,,,,,
"FSA Costs Multiplier 1 Fee Shifting Multiplier 1 Risk Neutral Case Strength Noise 0.175","0","2","PrePrimary2",0,0,0,,,,,,,,,,,,,,,,,,,,,,,,,,,,,,,,,,,,,,,,,,,,,,,,,,
"FSA Costs Multiplier 1 Fee Shifting Multiplier 1 Risk Neutral Case Strength Noise 0.175","0","2","PrePrimary3",0,0,0,,,,,,,,,,,,,,,,,,,,,,,,,,,,,,,,,,,,,,,,,,,,,,,,,,
"FSA Costs Multiplier 1 Fee Shifting Multiplier 1 Risk Neutral Case Strength Noise 0.175","0","2","PrePrimary4",0,0,0,,,,,,,,,,,,,,,,,,,,,,,,,,,,,,,,,,,,,,,,,,,,,,,,,,
"FSA Costs Multiplier 1 Fee Shifting Multiplier 1 Risk Neutral Case Strength Noise 0.175","0","2","PrePrimary5",0,0,0,,,,,,,,,,,,,,,,,,,,,,,,,,,,,,,,,,,,,,,,,,,,,,,,,,
"FSA Costs Multiplier 1 Fee Shifting Multiplier 1 Risk Neutral Case Strength Noise 0.175","0","2","PrePrimary6",0,0,0,,,,,,,,,,,,,,,,,,,,,,,,,,,,,,,,,,,,,,,,,,,,,,,,,,
"FSA Costs Multiplier 1 Fee Shifting Multiplier 1 Risk Neutral Case Strength Noise 0.175","0","2","PrePrimary7",0,0,0,,,,,,,,,,,,,,,,,,,,,,,,,,,,,,,,,,,,,,,,,,,,,,,,,,
"FSA Costs Multiplier 1 Fee Shifting Multiplier 1 Risk Neutral Case Strength Noise 0.175","0","2","PrePrimary8",0,0,0,,,,,,,,,,,,,,,,,,,,,,,,,,,,,,,,,,,,,,,,,,,,,,,,,,
"FSA Costs Multiplier 1 Fee Shifting Multiplier 1 Risk Neutral Case Strength Noise 0.175","0","2","PrePrimary9",0,0,0,,,,,,,,,,,,,,,,,,,,,,,,,,,,,,,,,,,,,,,,,,,,,,,,,,
"FSA Costs Multiplier 1 Fee Shifting Multiplier 1 Risk Neutral Case Strength Noise 0.175","0","2","PrePrimary10",0,0,0,,,,,,,,,,,,,,,,,,,,,,,,,,,,,,,,,,,,,,,,,,,,,,,,,,
"FSA Costs Multiplier 1 Fee Shifting Multiplier 1 Risk Neutral Case Strength Noise 0.175","0","2","Truly Liable",0.5,0,0.50001,0.856551,0.99056,0.141331,1,1,0.866218,0.05,,,0.00753181,,,,,0.00470262,0.0671241,0.058327,0.860981,10.8241,8.98865,19.8127,0.187282,10.8241,8.98865,0.187282,0.0404731,0.175929,0.216402,0.01963,0.0686,0,0.187282,0,0.00753181,0.05,0.00652536,0.0689468,0.00364548,1,0,6.71708E-05,0.99056,0.141331,0.00943984,0.849229,0.00753181,0.00470262,0.0671241,0.00810857,0.0502185
"FSA Costs Multiplier 1 Fee Shifting Multiplier 1 Risk Neutral Case Strength Noise 0.175","0","2","Truly Not Liable",0.5,0,0.49999,0.143451,0.301207,0.284615,1,1,0.350462,0.05,,,0.156541,,,,,0.0609183,0.00518195,0.058328,0.139021,9.97297,9.92166,19.8946,0.105372,9.97297,9.92166,0.105372,0.0783409,0,0.0783409,0.0542877,0,0,0.105372,0,0.156541,0.05,0.0627411,0.00700476,0.00364562,0,0,5.22117E-06,0.301207,0.284615,0.698793,0.0165921,0.156541,0.0609183,0.00518195,0.0502193,0.0081088
"FSA Costs Multiplier 1 Fee Shifting Multiplier 1 Risk Neutral Case Strength Noise 0.175","0","2","AllCount",2780,0,2780,0.500008,1795.57,592.061,2780,2780,0.521597,0.05,,,228.057,,,,,91.2116,100.507,162.151,500.005,10.3985,9.45514,19.8537,0.146327,10.3985,9.45514,0.146327,0.0594067,0.0879662,0.147373,0.0369585,0.0343007,0,0.146327,0,228.057,0.05,96.2789,105.574,10.1346,1390.03,0,3.61966E-05,1795.57,592.061,984.426,1203.51,228.057,91.2116,100.507,81.0746,81.0761
"FSA Costs Multiplier 1 Fee Shifting Multiplier 1 Risk Neutral Case Strength Noise 0.175","0","2","Liability Strength1",0.2161,0,0.216141,0.05,0.176463,0.17526,1,1,0.250649,0.05,,,0.118083,,,,,0.0363935,0.000277603,0.02,0.0204164,9.97282,9.96842,19.9412,0.0587585,9.97282,9.96842,0.0587585,0.0315801,6.1787E-7,0.0315807,0.00849788,6.40667E-07,0,0.0587585,0,0.118083,0.05,0.0366461,0.000530152,0.000505098,6.01522E-07,0,-7.90144E-07,0.176463,0.17526,0.823537,0.00120356,0.118083,0.0363935,0.000277603,0.0195919,0.0004083
"FSA Costs Multiplier 1 Fee Shifting Multiplier 1 Risk Neutral Case Strength Noise 0.175","0","2","Liability Strength2",0.1573,0,0.157305,0.15,0.29303,0.287142,1,1,0.312415,0.05,,,0.169984,,,,,0.0642652,0.00164123,0.049104,0.0517848,9.95512,9.94312,19.8982,0.101757,9.95512,9.94312,0.101757,0.0568758,1.5204E-5,0.0568911,0.0242577,1.62743E-05,0,0.101757,0,0.169984,0.05,0.0653391,0.00271512,0.00214778,1.45507E-05,0,4.93916E-06,0.29303,0.287142,0.70697,0.00588807,0.169984,0.0642652,0.00164123,0.0465615,0.0025429
"FSA Costs Multiplier 1 Fee Shifting Multiplier 1 Risk Neutral Case Strength Noise 0.175","0","2","Liability Strength3",0.0833,0,0.0833388,0.25,0.448648,0.424663,1,1,0.390931,0.05,,,0.210603,,,,,0.0953447,0.00762391,0.10411,0.118043,9.95115,9.88662,19.8378,0.16223,9.95115,9.88662,0.16223,0.113339,0.0003683,0.113708,0.0807665,0.000411761,0,0.16223,0,0.210603,0.05,0.0988354,0.0111146,0.00698139,0.00035111,0,1.19416E-05,0.448648,0.424663,0.551352,0.0239852,0.210603,0.0953447,0.00762391,0.0918206,0.0122895
"FSA Costs Multiplier 1 Fee Shifting Multiplier 1 Risk Neutral Case Strength Noise 0.175","0","2","Liability Strength4",0.0324,0,0.032374,0.35,0.62347,0.545791,1,1,0.486586,0.05,,,0.212158,,,,,0.11121,0.0261635,0.180106,0.235625,10.0159,9.75472,19.7706,0.229421,10.0159,9.75472,0.229421,0.243478,0.0082608,0.251739,0.240869,0.00961895,0,0.229421,0,0.212158,0.05,0.119286,0.0342403,0.0161536,0.00839389,0,1.98276E-05,0.62347,0.545791,0.37653,0.0776791,0.212158,0.11121,0.0261635,0.137668,0.0424375
"FSA Costs Multiplier 1 Fee Shifting Multiplier 1 Risk Neutral Case Strength Noise 0.175","0","2","Liability Strength5",0.0108,0,0.0108319,0.45,0.782294,0.588055,1,1,0.595033,0.05,,,0.163601,,,,,0.0954001,0.0631672,0.240871,0.404463,10.2082,9.51395,19.7222,0.277814,10.2082,9.51395,0.277814,0.415574,0.134056,0.54963,0.465344,0.157744,0,0.277814,0,0.163601,0.05,0.107908,0.0756751,0.0250158,0.169313,0,3.07704E-05,0.782294,0.588055,0.217706,0.194239,0.163601,0.0954001,0.0631672,0.143448,0.0974237
"FSA Costs Multiplier 1 Fee Shifting Multiplier 1 Risk Neutral Case Strength Noise 0.175","0","2","Liability Strength6",0.0108,0,0.0108319,0.55,0.895753,0.520406,1,1,0.705096,0.05,,,0.0920732,,,,,0.0573266,0.105119,0.240871,0.595537,10.4843,9.23098,19.7153,0.284685,10.4843,9.23098,0.284685,0.216358,0.428353,0.644711,0.198051,0.472252,0,0.284685,0,0.0920732,0.05,0.0698345,0.117627,0.0250157,0.830687,0,4.3625E-05,0.895753,0.520406,0.104247,0.375347,0.0920732,0.0573266,0.105119,0.0974237,0.143448
"FSA Costs Multiplier 1 Fee Shifting Multiplier 1 Risk Neutral Case Strength Noise 0.175","0","2","Liability Strength7",0.0324,0,0.0323742,0.65,0.958853,0.379644,1,1,0.80102,0.05,,,0.0371015,,,,,0.0237442,0.122539,0.180106,0.764375,10.7071,9.03812,19.7452,0.254806,10.7071,9.03812,0.254806,0.109409,0.290467,0.399877,0.0613472,0.250612,0,0.254806,0,0.0371015,0.05,0.0318209,0.130616,0.0161535,0.991606,0,5.24806E-05,0.958853,0.379644,0.041147,0.579209,0.0371015,0.0237442,0.122539,0.0424374,0.137668
"FSA Costs Multiplier 1 Fee Shifting Multiplier 1 Risk Neutral Case Strength Noise 0.175","0","2","Liability Strength8",0.0833,0,0.0833405,0.75,0.986434,0.233944,1,1,0.870675,0.05,,,0.0108769,,,,,0.0069188,0.105058,0.10411,0.881957,10.8137,8.97203,19.7857,0.21429,10.8137,8.97203,0.21429,0.0717102,0.186255,0.257965,0.0358825,0.0912959,0,0.21429,0,0.0108769,0.05,0.0104094,0.108549,0.00698125,0.999649,0,5.87027E-05,0.986434,0.233944,0.0135663,0.752489,0.0108769,0.0069188,0.105058,0.0122894,0.0918201
"FSA Costs Multiplier 1 Fee Shifting Multiplier 1 Risk Neutral Case Strength Noise 0.175","0","2","Liability Strength9",0.1573,0,0.15731,0.85,0.996163,0.12598,1,1,0.912604,0.05,,,0.00242624,,,,,0.00148941,0.0708122,0.049104,0.948215,10.8452,8.97178,19.8169,0.183053,10.8452,8.97178,0.183053,0.0387341,0.15483,0.193564,0.018395,0.0378684,0,0.183053,0,0.00242624,0.05,0.00256326,0.0718861,0.0021477,0.999985,0,6.68221E-05,0.996163,0.12598,0.00383708,0.870183,0.00242624,0.00148941,0.0708122,0.00254285,0.0465612
"FSA Costs Multiplier 1 Fee Shifting Multiplier 1 Risk Neutral Case Strength Noise 0.175","0","2","Liability Strength10",0.2162,0,0.216153,0.95,0.999039,0.0612951,1,1,0.933996,0.05,,,0.000436562,,,,,0.000251918,0.0401012,0.02,0.979584,10.8506,8.98434,19.8349,0.16505,10.8506,8.98434,0.16505,0.0178088,0.14939,0.167198,0.00796169,0.0252093,0,0.16505,0,0.00043656,0.05,0.000504453,0.0403538,0.000505071,0.999999,0,7.4227E-05,0.999039,0.0612951,0.000961413,0.937743,0.000436562,0.000251918,0.0401012,0.00040833,0.019592
"FSA Costs Multiplier 1 Fee Shifting Multiplier 1 Risk Neutral Case Strength Noise 0.175","0","2","PLiabilitySignal1",0.1208,0,0.12084,0.105788,0,0,1,1,,,,,0,,,,,0,0,0,,10,10,20,0,10,10,0,0,0.0025215,0.00252148,0,0.00252148,0,0,0,0,,0,0,0,0.00252148,0,-1.61111,0,0,1,0,0,0,0,0,0
"FSA Costs Multiplier 1 Fee Shifting Multiplier 1 Risk Neutral Case Strength Noise 0.175","0","2","PLiabilitySignal2",0.1253,0,0.12526,0.124931,0,0,1,1,,,,,0,,,,,0,0,0,,10,10,20,0,10,10,0,0,0.0086037,0.0086037,0,0.0086037,0,0,0,0,,0,0,0,0.0086037,0,-0.72593,0,0,1,0,0,0,0,0,0
"FSA Costs Multiplier 1 Fee Shifting Multiplier 1 Risk Neutral Case Strength Noise 0.175","0","2","PLiabilitySignal3",0.108,0,0.10801,0.15748,0,0,1,1,,,,,0,,,,,0,0,0,,10,10,20,0,10,10,0,0,0.030901,0.030901,0,0.030901,0,0,0,0,,0,0,0,0.030901,0,0.06025,0,0,1,0,0,0,0,0,0
"FSA Costs Multiplier 1 Fee Shifting Multiplier 1 Risk Neutral Case Strength Noise 0.175","0","2","PLiabilitySignal4",0.082,0,0.08203,0.227699,1,0.8883,1,1,0.05,0.05,,,0.8883,,,,,0,0,0,,10.0061,9.71064,19.7168,0.283245,10.0061,9.71064,0.283245,0.205797,0.0479659,0.253763,0.0689672,0.0417986,0,0.283245,0,0.8883,0.05,0,0,0,0.110053,0,0.55661,1,0.8883,0,0.1117,0.8883,0,0,0,0
"FSA Costs Multiplier 1 Fee Shifting Multiplier 1 Risk Neutral Case Strength Noise 0.175","0","2","PLiabilitySignal5",0.0639,0,0.06385,0.385937,1,0.714533,1,1,0.44953,0.05,,,0.143578,,,,,0.51386,0,0,,10.1712,9.57163,19.7428,0.25718,10.1712,9.57163,0.25718,0.153295,0.116467,0.269763,0.0709539,0.0934146,0,0.25718,0,0.143578,0.05,0.542407,0.0285478,0.0570955,0.331665,0,0.36747,1,0.714533,0,0.285467,0.143578,0.51386,0,0,0
"FSA Costs Multiplier 1 Fee Shifting Multiplier 1 Risk Neutral Case Strength Noise 0.175","0","2","PLiabilitySignal6",0.0639,0,0.06385,0.61407,1,0.442302,1,1,0.85,0.05,,,0,,,,,0,0.0853918,0.35691,0.254243,10.4777,9.19891,19.6766,0.323418,10.4777,9.19891,0.323418,0.147678,0.11345,0.261128,0.162755,0.0516721,0,0.323418,0,0,,0,0.0853918,0,0.668345,0,-0.36756,1,0.442302,0,0.557698,0,0,0.0853918,0.266168,0.0907417
"FSA Costs Multiplier 1 Fee Shifting Multiplier 1 Risk Neutral Case Strength Noise 0.175","0","2","PLiabilitySignal7",0.082,0,0.08203,0.772301,1,0.247166,1,1,0.95,0.05,,,0,,,,,0,0.0834459,0.16372,0.457019,10.7323,9.03149,19.7638,0.236191,10.7323,9.03149,0.236191,0.0910244,0.142398,0.233422,0.0816015,0.0502604,0,0.236191,0,0,,0,0.0834459,0,0.889947,0,-0.55661,1,0.247166,0,0.752834,0,0,0.0834459,0.0888969,0.0748231
"FSA Costs Multiplier 1 Fee Shifting Multiplier 1 Risk Neutral Case Strength Noise 0.175","0","2","PLiabilitySignal8",0.108,0,0.10801,0.842514,1,0.161799,1,1,0.95,0.05,,,0,,,,,0,0.0750194,0.08678,0.68015,10.8186,8.98109,19.7997,0.200304,10.8186,8.98109,0.200304,0.0583672,0.149588,0.207955,0.0410013,0.042267,0,0.200304,0,0,,0,0.0750194,0,0.96909,0,-0.06016,1,0.161799,0,0.838201,0,0,0.0750194,0.0277566,0.0590234
"FSA Costs Multiplier 1 Fee Shifting Multiplier 1 Risk Neutral Case Strength Noise 0.175","0","2","PLiabilitySignal9",0.1253,0,0.12526,0.875069,1,0.125208,1,1,0.95,0.05,,,0,,,,,0,0.0670684,0.05814,0.823301,10.8423,8.97149,19.8138,0.186223,10.8423,8.97149,0.186223,0.0427273,0.149891,0.192619,0.0247181,0.0355141,0,0.186223,0,0,,0,0.0670684,0,0.991396,0,0.72593,1,0.125208,0,0.874792,0,0,0.0670684,0.0102733,0.0478667
"FSA Costs Multiplier 1 Fee Shifting Multiplier 1 Risk Neutral Case Strength Noise 0.175","0","2","PLiabilitySignal10",0.1209,0,0.12086,0.894212,1,0.105954,1,1,0.95,0.05,,,0,,,,,0,0.0608344,0.04512,0.891508,10.8489,8.97164,19.8206,0.179429,10.8489,8.97164,0.179429,0.0346268,0.149082,0.183709,0.0178744,0.0310402,0,0.179429,0,0,,0,0.0608344,0,0.997479,0,1.61111,1,0.105954,0,0.894046,0,0,0.0608344,0.00489516,0.0402248
"FSA Costs Multiplier 1 Fee Shifting Multiplier 1 Risk Neutral Case Strength Noise 0.175","0","2","DLiabilitySignal1",0.1208,0,0.120839,0.105788,0.247423,0.247423,1,1,0.313716,0.05,,,0.147092,,,,,0.055209,0,0.045122,0.108485,9.95777,9.95447,19.9122,0.0877634,9.95777,9.95447,0.0877634,0.044268,0.0017245,0.0459925,0.0170978,0.00226085,0,0.0877634,0,0.147092,0.05,0.055209,0,0,0.00252111,0,1.61112,0.247423,0.247423,0.752577,0,0.147092,0.055209,0,0.0402268,0.004895
"FSA Costs Multiplier 1 Fee Shifting Multiplier 1 Risk Neutral Case Strength Noise 0.175","0","2","DLiabilitySignal2",0.1253,0,0.125262,0.124933,0.273248,0.273248,1,1,0.33997,0.05,,,0.154243,,,,,0.0608676,0,0.058137,0.176736,9.957,9.94358,19.9006,0.0994155,9.957,9.94358,0.0994155,0.0514412,0.0050434,0.0564846,0.0235364,0.00669139,0,0.0994155,0,0.154243,0.05,0.0608676,0,0,0.00860619,0,0.725936,0.273248,0.273248,0.726752,0,0.154243,0.0608676,0,0.0478624,0.010275
"FSA Costs Multiplier 1 Fee Shifting Multiplier 1 Risk Neutral Case Strength Noise 0.175","0","2","DLiabilitySignal3",0.108,0,0.10801,0.157482,0.316134,0.316134,1,1,0.390771,0.05,,,0.161275,,,,,0.068082,0,0.086777,0.319812,9.966,9.91313,19.8791,0.120873,9.966,9.91313,0.120873,0.0667174,0.0151137,0.0818311,0.0366073,0.0202587,0,0.120873,0,0.161275,0.05,0.068082,0,0,0.0309049,0,-0.0602144,0.316134,0.316134,0.683866,0,0.161275,0.068082,0,0.0590243,0.0277522
"FSA Costs Multiplier 1 Fee Shifting Multiplier 1 Risk Neutral Case Strength Noise 0.175","0","2","DLiabilitySignal4",0.082,0,0.0820335,0.227704,0.401812,0.401812,1,1,0.496266,0.05,,,0.162349,,,,,0.0757337,0,0.16373,0.542985,10.0164,9.81393,19.8303,0.169663,10.0164,9.81393,0.169663,0.1069,0.0438459,0.150746,0.0671244,0.059293,0,0.169663,0,0.162349,0.05,0.0757337,0,0,0.11006,0,-0.556539,0.401812,0.401812,0.598188,0,0.162349,0.0757337,0,0.074827,0.0889029
"FSA Costs Multiplier 1 Fee Shifting Multiplier 1 Risk Neutral Case Strength Noise 0.175","0","2","DLiabilitySignal5",0.0638,0,0.0638472,0.38594,0.575669,0.575669,1,1,0.661229,0.05,,,0.141247,,,,,0.0774963,0,0.356925,0.745765,10.186,9.53423,19.7202,0.279778,10.186,9.53423,0.279778,0.20799,0.105777,0.313766,0.134923,0.144113,0,0.279778,0,0.141247,0.05,0.0774963,0,0,0.33167,0,-0.367431,0.575669,0.575669,0.424331,0,0.141247,0.0774963,0,0.090743,0.266182
"FSA Costs Multiplier 1 Fee Shifting Multiplier 1 Risk Neutral Case Strength Noise 0.175","0","2","DLiabilitySignal6",0.0638,0,0.0638479,0.614069,0.800145,0.704535,1,1,0.801744,0.05,,,0.0811927,,,,,0,0.566245,0,,10.5744,9.19986,19.7743,0.225702,10.5744,9.19986,0.225702,0.174716,0.147235,0.32195,0.104403,0.0735119,0,0.225702,0,0.0811927,0.05,0.0285487,0.594794,0.0570973,0.668343,0,0.36756,0.800145,0.704535,0.199855,0.0956099,0.0811927,0,0.566245,0,0
"FSA Costs Multiplier 1 Fee Shifting Multiplier 1 Risk Neutral Case Strength Noise 0.175","0","2","DLiabilitySignal7",0.082,0,0.082036,0.772301,0.934057,0,1,1,,,,,0,,,,,0,0,0,,10.7939,9.06594,19.8599,0.140109,10.7939,9.06594,0.140109,0.0542646,0.142122,0.196387,0.0542646,0.0299485,0,0.140109,0,0,,0,0,0,0.889946,0,0.556635,0.934057,0,0.0659431,0.934057,0,0,0,0,0
"FSA Costs Multiplier 1 Fee Shifting Multiplier 1 Risk Neutral Case Strength Noise 0.175","0","2","DLiabilitySignal8",0.108,0,0.108014,0.84252,0.978846,0,1,1,,,,,0,,,,,0,0,0,,10.832,9.02115,19.8532,0.146827,10.832,9.02115,0.146827,0.0172785,0.151764,0.169043,0.0172785,0.0291641,0,0.146827,0,0,,0,0,0,0.969097,0,0.0602942,0.978846,0,0.0211535,0.978846,0,0,0,0,0
"FSA Costs Multiplier 1 Fee Shifting Multiplier 1 Risk Neutral Case Strength Noise 0.175","0","2","DLiabilitySignal9",0.1253,0,0.125268,0.875069,0.991377,0,1,1,,,,,0,,,,,0,0,0,,10.8427,9.00862,19.8513,0.148707,10.8427,9.00862,0.148707,0.0053873,0.153303,0.15869,0.00538727,0.0275894,0,0.148707,0,0,,0,0,0,0.991394,0,-0.725861,0.991377,0,0.00862312,0.991377,0,0,0,0,0
"FSA Costs Multiplier 1 Fee Shifting Multiplier 1 Risk Neutral Case Strength Noise 0.175","0","2","DLiabilitySignal10",0.1208,0,0.120843,0.894214,0.995268,0,1,1,,,,,0,,,,,0,0,0,,10.846,9.00473,19.8507,0.14929,10.846,9.00473,0.14929,0.0017427,0.152984,0.154726,0.00174275,0.0263092,0,0.14929,0,0,,0,0,0,0.99748,0,-1.61102,0.995268,0,0.00473226,0.995268,0,0,0,0,0
"FSA Costs Multiplier 1 Fee Shifting Multiplier 1 Risk Neutral Case Strength Noise 0.175","0","2","MutOptLiability5",0.0173,0,0.0172749,0.500018,1,1,1,1,0.929261,0.05,,,0,,,,,0,0,1,0.500023,10.2,9.19996,19.4,0.6,10.2,9.19996,0.6,0.35754,0.0920483,0.449588,0.306565,0.147277,0,0.6,0,0,,0,0,0,0.500028,0,5.40784,1,1,0,0,0,0,0,0.499977,0.500023
"FSA Costs Multiplier 1 Fee Shifting Multiplier 1 Risk Neutral Case Strength Noise 0.175","0","2","MutOptLiability4",0.0302,0,0.0301756,0.500018,1,0.966934,1,1,0.791667,0.05,,,0.0555962,,,,,0.221085,0.243655,0.446599,0.500013,10.2858,9.28516,19.571,0.42902,10.2858,9.28516,0.42902,0.244123,0.0878968,0.33202,0.156675,0.080007,0,0.42902,0,0.0555962,0.05,0.221085,0.243655,0,0.500027,0,4,1,0.966934,0,0.0330655,0.0555962,0.221085,0.243655,0.223294,0.223305
"FSA Costs Multiplier 1 Fee Shifting Multiplier 1 Risk Neutral Case Strength Noise 0.175","0","2","MutOptLiability3",0.064,0,0.063981,0.500012,1,0.730548,1,1,0.527699,0.05,,,0.281554,,,,,0.119167,0.131304,0.198522,0.499985,10.3343,9.34655,19.6809,0.319139,10.3343,9.34655,0.319139,0.170167,0.0859675,0.256135,0.0877499,0.0495683,0,0.319139,0,0.281554,0.05,0.119167,0.131304,0,0.500014,0,3,1,0.730548,0,0.269452,0.281554,0.119167,0.131304,0.0992642,0.0992582
"FSA Costs Multiplier 1 Fee Shifting Multiplier 1 Risk Neutral Case Strength Noise 0.175","0","2","MutOptLiability2",0.1136,0,0.113638,0.500015,0.7768,0.390734,1,1,0.482602,0.05,,,0.169421,,,,,0.06471,0.071304,0.085299,0.49999,10.3792,9.42011,19.7993,0.20072,10.3792,9.42011,0.20072,0.0904796,0.0840532,0.174533,0.0457348,0.0337,0,0.20072,0,0.169421,0.05,0.06471,0.071304,0,0.500018,0,2,0.7768,0.390734,0.2232,0.386066,0.169421,0.06471,0.071304,0.0426503,0.0426485
"FSA Costs Multiplier 1 Fee Shifting Multiplier 1 Risk Neutral Case Strength Noise 0.175","0","2","MutOptLiability1",0.1691,0,0.169145,0.500013,0.65335,0.209121,1,1,0.429176,0.05,,,0.101289,,,,,0.0367301,0.0404687,0.030633,0.5,10.4025,9.45896,19.8614,0.138561,10.4025,9.45896,0.138561,0.0493068,0.0835311,0.132838,0.0250753,0.0261661,0,0.138561,0,0.101289,0.05,0.0367301,0.0404687,0,0.500015,0,1,0.65335,0.209121,0.34665,0.444229,0.101289,0.0367301,0.0404687,0.0153166,0.0153166
"FSA Costs Multiplier 1 Fee Shifting Multiplier 1 Risk Neutral Case Strength Noise 0.175","0","2","MutOptLiability0",0.2116,0,0.211587,0.500011,0.584838,0.110593,1,1,0.342125,0.05,,,0.0614402,,,,,0.0233848,0.0257684,0,,10.4154,9.48033,19.8957,0.104315,10.4154,9.48033,0.104315,0.0283692,0.0850561,0.113425,0.0155959,0.0240582,0,0.104315,0,0.0614402,0.05,0.0233848,0.0257684,0,0.500013,0,0,0.584838,0.110593,0.415162,0.474245,0.0614402,0.0233848,0.0257684,0,0
"FSA Costs Multiplier 1 Fee Shifting Multiplier 1 Risk Neutral Case Strength Noise 0.175","0","2","MutOptLiability-1",0.1691,0,0.169139,0.5,0.56128,0.0729356,1,1,0.197757,0.05,,,0.0513821,,,,,0,0,0,,10.4175,9.48737,19.9049,0.0951324,10.4175,9.48737,0.0951324,0.0249332,0.0889939,0.113927,0.017477,0.0288693,0,0.0951324,0,0.0513821,0.05,0.0107768,0.0107768,0.0215535,0.5,0,-1,0.56128,0.0729356,0.43872,0.488345,0.0513821,0,0,0,0
"FSA Costs Multiplier 1 Fee Shifting Multiplier 1 Risk Neutral Case Strength Noise 0.175","0","2","MutOptLiability-2",0.1136,0,0.113633,0.499996,0.542646,0.0375529,1,1,0.05,0.05,,,0.0375529,,,,,0,0,0,,10.4256,9.4874,19.913,0.0870298,10.4256,9.4874,0.0870298,0.0244306,0.0876363,0.112067,0.0199556,0.026693,0,0.0870298,0,0.0375529,0.05,0,0,0,0.499995,0,-2,0.542646,0.0375529,0.457354,0.505093,0.0375529,0,0,0,0
"FSA Costs Multiplier 1 Fee Shifting Multiplier 1 Risk Neutral Case Strength Noise 0.175","0","2","MutOptLiability-3",0.064,0,0.0639783,0.500004,0.524817,0,1,1,,,,,0,,,,,0,0,0,,10.4461,9.47518,19.9213,0.0787226,10.4461,9.47518,0.0787226,0.0352829,0.0839022,0.119185,0.0352829,0.0214866,0,0.0787226,0,0,,0,0,0,0.500006,0,-3,0.524817,0,0.475183,0.524817,0,0,0,0,0
"FSA Costs Multiplier 1 Fee Shifting Multiplier 1 Risk Neutral Case Strength Noise 0.175","0","2","MutOptLiability-4",0.0302,0,0.0301749,0.500006,0.500003,0,1,1,,,,,0,,,,,0,0,0,,10.425,9.5,19.925,0.0750004,10.425,9.5,0.0750004,0.0268533,0.0978297,0.124683,0.0268533,0.0375032,0,0.0750004,0,0,,0,0,0,0.500007,0,-4,0.500003,0,0.499997,0.500003,0,0,0,0,0
"FSA Costs Multiplier 1 Fee Shifting Multiplier 1 Risk Neutral Case Strength Noise 0.175","0","2","MutOptLiability-5",0.0173,0,0.0172736,0.499995,0.386047,0,1,1,,,,,0,,,,,0,0,0,,10.3281,9.61395,19.9421,0.057907,10.3281,9.61395,0.057907,0.0168326,0.186158,0.20299,0.0168326,0.139083,0,0.057907,0,0,,0,0,0,0.49999,0,-5.40772,0.386047,0,0.613953,0.386047,0,0,0,0,0
"FSA Costs Multiplier 1 Fee Shifting Multiplier 1 Risk Neutral Case Strength Noise 0.175","0","2","Truly Liable MutOptLiability5",0.0086,0,0.00863794,0.793868,1,1,1,1,0.949409,0.05,,,0,,,,,0,0,1,0.884946,10.8159,8.58409,19.4,0.6,10.8159,8.58409,0.6,0.530968,0.184086,0.715054,0.318581,0.294538,0,0.6,0,0,,0,0,0,1,0,5.4078,1,1,0,0,0,0,0,0.115054,0.884946
"FSA Costs Multiplier 1 Fee Shifting Multiplier 1 Risk Neutral Case Strength Noise 0.175","0","2","Truly Liable MutOptLiability4",0.0151,0,0.0150886,0.823527,1,0.934217,1,1,0.947225,0.05,,,0.000578505,,,,,0.00230049,0.484749,0.446589,0.874154,10.8242,8.75168,19.5759,0.424109,10.8242,8.75168,0.424109,0.306945,0.175784,0.482729,0.151446,0.160005,0,0.424109,0,0.0005785,0.05,0.00230049,0.484749,0,1,0,4,1,0.934217,0,0.0657834,0.000578505,0.00230049,0.484749,0.0562016,0.390387
"FSA Costs Multiplier 1 Fee Shifting Multiplier 1 Risk Neutral Case Strength Noise 0.175","0","2","Truly Liable MutOptLiability3",0.032,0,0.0319914,0.840693,1,0.4626,1,1,0.940094,0.05,,,0.00183537,,,,,0.00339942,0.258856,0.198509,0.853397,10.8281,8.89299,19.7211,0.278943,10.8281,8.89299,0.278943,0.140473,0.17193,0.312403,0.0668108,0.0991337,0,0.278943,0,0.00183537,0.05,0.00339942,0.258856,0,1,0,3,1,0.4626,0,0.5374,0.00183537,0.00339942,0.258856,0.0291021,0.169407
"FSA Costs Multiplier 1 Fee Shifting Multiplier 1 Risk Neutral Case Strength Noise 0.175","0","2","Truly Liable MutOptLiability2",0.0568,0,0.0568211,0.854613,0.999662,0.230253,1,1,0.920453,0.05,,,0.00287552,,,,,0.00509534,0.136988,0.085293,0.83308,10.8319,8.95803,19.7899,0.210075,10.8319,8.95803,0.210075,0.063182,0.1681,0.231282,0.0286625,0.0673975,0,0.210075,0,0.00287552,0.05,0.00509534,0.136988,0,1,0,2,0.999662,0.230253,0.00033844,0.769409,0.00287552,0.00509534,0.136988,0.0142372,0.0710563
"FSA Costs Multiplier 1 Fee Shifting Multiplier 1 Risk Neutral Case Strength Noise 0.175","0","2","Truly Liable MutOptLiability1",0.0846,0,0.0845749,0.865476,0.999276,0.115354,1,1,0.860871,0.05,,,0.00457544,,,,,0.00775048,0.0723956,0.030632,0.817602,10.8329,8.99067,19.8236,0.176384,10.8329,8.99067,0.176384,0.0258863,0.167057,0.192943,0.0106451,0.0523306,0,0.176384,0,0.00457544,0.05,0.00775048,0.0723956,0,1,0,1,0.999276,0.115354,0.000723766,0.883923,0.00457544,0.00775048,0.0723956,0.00558726,0.0250449
"FSA Costs Multiplier 1 Fee Shifting Multiplier 1 Risk Neutral Case Strength Noise 0.175","0","2","Truly Liable MutOptLiability0",0.1058,0,0.105796,0.873614,0.998632,0.0576957,1,1,0.685645,0.05,,,0.00737694,,,,,0.0119368,0.0383819,0,,10.8299,9.01166,19.8416,0.158449,10.8299,9.01166,0.158449,0.0057573,0.170108,0.175865,0.000863593,0.0481152,0,0.158449,0,0.00737694,0.05,0.0119368,0.0383819,0,1,0,0,0.998632,0.0576957,0.00136797,0.940936,0.00737694,0.0119368,0.0383819,0,0
"FSA Costs Multiplier 1 Fee Shifting Multiplier 1 Risk Neutral Case Strength Noise 0.175","0","2","Truly Liable MutOptLiability-1",0.0846,0,0.0845697,0.865472,0.99665,0.0366724,1,1,0.343866,0.05,,,0.0151189,,,,,0,0,0,,10.822,9.02299,19.845,0.154998,10.822,9.02299,0.154998,0.0016165,0.177988,0.179604,0.000242477,0.0577385,0,0.154998,0,0.0151189,0.05,0.0107768,0.0107768,0.0215535,1,0,-1,0.99665,0.0366724,0.00335048,0.959977,0.0151189,0,0,0,0
"FSA Costs Multiplier 1 Fee Shifting Multiplier 1 Risk Neutral Case Strength Noise 0.175","0","2","Truly Liable MutOptLiability-2",0.0568,0,0.0568158,0.854609,0.99169,0.0191694,1,1,0.05,0.05,,,0.0191694,,,,,0,0,0,,10.8247,9.02365,19.8484,0.151629,10.8247,9.02365,0.151629,0,0.175274,0.175274,0,0.0533865,0,0.151629,0,0.0191694,0.05,0,0,0,1,0,-2,0.99169,0.0191694,0.00830991,0.972521,0.0191694,0,0,0,0
"FSA Costs Multiplier 1 Fee Shifting Multiplier 1 Risk Neutral Case Strength Noise 0.175","0","2","Truly Liable MutOptLiability-3",0.032,0,0.0319895,0.840689,0.979056,0,1,1,,,,,0,,,,,0,0,0,,10.8322,9.02094,19.8531,0.146858,10.8322,9.02094,0.146858,0,0.167802,0.167802,0,0.0429726,0,0.146858,0,0,,0,0,0,1,0,-3,0.979056,0,0.0209438,0.979056,0,0,0,0,0
"FSA Costs Multiplier 1 Fee Shifting Multiplier 1 Risk Neutral Case Strength Noise 0.175","0","2","Truly Liable MutOptLiability-4",0.0151,0,0.0150876,0.823527,0.946286,0,1,1,,,,,0,,,,,0,0,0,,10.8043,9.05371,19.8581,0.141943,10.8043,9.05371,0.141943,0,0.195657,0.195657,0,0.0750054,0,0.141943,0,0,,0,0,0,1,0,-4,0.946286,0,0.0537139,0.946286,0,0,0,0,0
"FSA Costs Multiplier 1 Fee Shifting Multiplier 1 Risk Neutral Case Strength Noise 0.175","0","2","Truly Liable MutOptLiability-5",0.0086,0,0.00863661,0.793869,0.738444,0,1,1,,,,,0,,,,,0,0,0,,10.6277,9.26156,19.8892,0.110767,10.6277,9.26156,0.110767,0,0.372323,0.372323,0,0.278171,0,0.110767,0,0,,0,0,0,1,0,-5.40766,0.738444,0,0.261556,0.738444,0,0,0,0,0
"FSA Costs Multiplier 1 Fee Shifting Multiplier 1 Risk Neutral Case Strength Noise 0.175","0","2","Truly Not Liable MutOptLiability5",0.0086,0,0.00863698,0.206136,1,1,1,1,0.909111,0.05,,,0,,,,,0,0,1,0.115058,9.58409,9.81591,19.4,0.6,9.58409,9.81591,0.6,0.184093,0,0.184093,0.294548,0,0,0.6,0,0,,0,0,0,0,0,5.40787,1,1,0,0,0,0,0,0.884942,0.115058
"FSA Costs Multiplier 1 Fee Shifting Multiplier 1 Risk Neutral Case Strength Noise 0.175","0","2","Truly Not Liable MutOptLiability4",0.0151,0,0.015087,0.176475,1,0.999656,1,1,0.646276,0.05,,,0.11062,,,,,0.439892,0.00253561,0.446608,0.125848,9.74736,9.8187,19.5661,0.433931,9.74736,9.8187,0.433931,0.181296,0,0.181296,0.161904,0,0,0.433931,0,0.11062,0.05,0.439892,0.00253561,0,0,0,4,1,0.999656,0,0.000344099,0.11062,0.439892,0.00253561,0.390403,0.0562048
"FSA Costs Multiplier 1 Fee Shifting Multiplier 1 Risk Neutral Case Strength Noise 0.175","0","2","Truly Not Liable MutOptLiability3",0.032,0,0.0319896,0.159311,1,0.998511,1,1,0.33663,0.05,,,0.561288,,,,,0.234942,0.00374587,0.198536,0.1466,9.84053,9.80014,19.6407,0.359337,9.84053,9.80014,0.359337,0.199864,0,0.199864,0.10869,0,0,0.359337,0,0.561288,0.05,0.234942,0.00374587,0,0,0,3,1,0.998511,0,0.0014891,0.561288,0.234942,0.00374587,0.16943,0.0291053
"FSA Costs Multiplier 1 Fee Shifting Multiplier 1 Risk Neutral Case Strength Noise 0.175","0","2","Truly Not Liable MutOptLiability2",0.0568,0,0.0568169,0.145391,0.553922,0.551227,1,1,0.299694,0.05,,,0.335979,,,,,0.124329,0.00561498,0.085304,0.166917,9.92642,9.88222,19.8086,0.191364,9.92642,9.88222,0.191364,0.117779,0,0.117779,0.0628083,0,0,0.191364,0,0.335979,0.05,0.124329,0.00561498,0,0,0,2,0.553922,0.551227,0.446078,0.00269483,0.335979,0.124329,0.00561498,0.0710655,0.0142387
"FSA Costs Multiplier 1 Fee Shifting Multiplier 1 Risk Neutral Case Strength Noise 0.175","0","2","Truly Not Liable MutOptLiability1",0.0846,0,0.0845697,0.134528,0.307403,0.302893,1,1,0.264759,0.05,,,0.198008,,,,,0.0657116,0.00853989,0.030634,0.182398,9.97199,9.92727,19.8993,0.100735,9.97199,9.92727,0.100735,0.0727287,0,0.0727287,0.0395065,0,0,0.100735,0,0.198008,0.05,0.0657116,0.00853989,0,0,0,1,0.307403,0.302893,0.692597,0.00450942,0.198008,0.0657116,0.00853989,0.0250465,0.0055876
"FSA Costs Multiplier 1 Fee Shifting Multiplier 1 Risk Neutral Case Strength Noise 0.175","0","2","Truly Not Liable MutOptLiability0",0.1058,0,0.105791,0.126388,0.171022,0.163494,1,1,0.220893,0.05,,,0.115506,,,,,0.0348333,0.0131542,0,,10.0008,9.94902,19.9498,0.0501775,10.0008,9.94902,0.0501775,0.0509822,0,0.0509822,0.0303291,0,0,0.0501775,0,0.115506,0.05,0.0348333,0.0131542,0,0,0,0,0.171022,0.163494,0.828978,0.00752857,0.115506,0.0348333,0.0131542,0,0
"FSA Costs Multiplier 1 Fee Shifting Multiplier 1 Risk Neutral Case Strength Noise 0.175","0","2","Truly Not Liable MutOptLiability-1",0.0846,0,0.0845695,0.134527,0.12591,0.109199,1,1,0.148689,0.05,,,0.0876454,,,,,0,0,0,,10.013,9.95175,19.9647,0.0352663,10.013,9.95175,0.0352663,0.0482499,0,0.0482499,0.0347116,0,0,0.0352663,0,0.0876454,0.05,0.0107768,0.0107768,0.0215536,0,0,-1,0.12591,0.109199,0.87409,0.016711,0.0876454,0,0,0,0
"FSA Costs Multiplier 1 Fee Shifting Multiplier 1 Risk Neutral Case Strength Noise 0.175","0","2","Truly Not Liable MutOptLiability-2",0.0568,0,0.0568169,0.14539,0.0936097,0.0559362,1,1,0.05,0.05,,,0.0559362,,,,,0,0,0,,10.0264,9.95114,19.9776,0.0224319,10.0264,9.95114,0.0224319,0.0488607,0,0.0488607,0.0399109,0,0,0.0224319,0,0.0559362,0.05,0,0,0,0,0,-2,0.0936097,0.0559362,0.90639,0.0376735,0.0559362,0,0,0,0
"FSA Costs Multiplier 1 Fee Shifting Multiplier 1 Risk Neutral Case Strength Noise 0.175","0","2","Truly Not Liable MutOptLiability-3",0.032,0,0.0319887,0.15931,0.0705666,0,1,1,,,,,0,,,,,0,0,0,,10.06,9.92943,19.9894,0.010585,10.06,9.92943,0.010585,0.0705666,0,0.0705666,0.0705666,0,0,0.010585,0,0,,0,0,0,0,0,-3,0.0705666,0,0.929433,0.0705666,0,0,0,0,0
"FSA Costs Multiplier 1 Fee Shifting Multiplier 1 Risk Neutral Case Strength Noise 0.175","0","2","Truly Not Liable MutOptLiability-4",0.0151,0,0.0150873,0.176476,0.0537072,0,1,1,,,,,0,,,,,0,0,0,,10.0457,9.94629,19.9919,0.00805608,10.0457,9.94629,0.00805608,0.0537072,0,0.0537072,0.0537072,0,0,0.00805608,0,0,,0,0,0,0,0,-4,0.0537072,0,0.946293,0.0537072,0,0,0,0,0
"FSA Costs Multiplier 1 Fee Shifting Multiplier 1 Risk Neutral Case Strength Noise 0.175","0","2","Truly Not Liable MutOptLiability-5",0.0086,0,0.00863697,0.206134,0.0336645,0,1,1,,,,,0,,,,,0,0,0,,10.0286,9.96634,19.995,0.00504967,10.0286,9.96634,0.00504967,0.0336645,0,0.0336645,0.0336645,0,0,0.00504967,0,0,,0,0,0,0,0,-5.40778,0.0336645,0,0.966336,0.0336645,0,0,0,0,0
"FSA Costs Multiplier 1 Fee Shifting Multiplier 1 Risk Neutral Case Strength Noise 0.175","0","2","High Quality",0.4568,0,0.456803,0.879074,0.995749,0.115069,1,1,0.902444,0.05,,,0.00302651,,,,,0.0018944,0.0625281,0.045368,0.927019,10.842,8.97777,19.8198,0.180233,10.842,8.97777,0.180233,0.0348488,0.157989,0.192838,0.0166486,0.0416258,0,0.180233,0,0.00302651,0.05,0.00302054,0.0636543,0.00225228,0.999931,0,6.88446E-05,0.995749,0.115069,0.00425138,0.880679,0.00302651,0.0018944,0.0625281,0.00331102,0.0420569
"FSA Costs Multiplier 1 Fee Shifting Multiplier 1 Risk Neutral Case Strength Noise 0.175","0","2","High Quality Liable MutOptLiability5",0.0068,0,0.00681193,0.841892,1,1,1,1,0.949887,0.05,,,0,,,,,0,0,1,0.933548,10.8937,8.50632,19.4,0.6,10.8937,8.50632,0.6,0.560242,0.1063,0.666542,0.336326,0.17008,0,0.6,0,0,,0,0,0,0.999872,0,5.36996,1,1,0,0,0,0,0,0.0664521,0.933548
"FSA Costs Multiplier 1 Fee Shifting Multiplier 1 Risk Neutral Case Strength Noise 0.175","0","2","High Quality Liable MutOptLiability4",0.0129,0,0.0129473,0.857645,1,0.92752,1,1,0.949501,0.05,,,6.15125E-05,,,,,0.000244611,0.534097,0.393117,0.929841,10.8645,8.7284,19.5929,0.407063,10.8645,8.7284,0.407063,0.29953,0.135447,0.434978,0.143775,0.0846347,0,0.407063,0,6.15125E-5,0.05,0.000244611,0.534097,0,0.999899,0,4,1,0.92752,0,0.0724803,6.15125E-05,0.000244611,0.534097,0.0275806,0.365536
"FSA Costs Multiplier 1 Fee Shifting Multiplier 1 Risk Neutral Case Strength Noise 0.175","0","2","High Quality Liable MutOptLiability3",0.0285,0,0.0284957,0.867981,1,0.417786,1,1,0.947622,0.05,,,0.000200967,,,,,0.000573033,0.263856,0.153156,0.923858,10.8536,8.88783,19.7414,0.258615,10.8536,8.88783,0.258615,0.124556,0.146435,0.270992,0.0569903,0.0498823,0,0.258615,0,0.00020097,0.05,0.000573033,0.263856,0,0.999916,0,3,1,0.417786,0,0.582214,0.000200967,0.000573033,0.263856,0.0116616,0.141494
"FSA Costs Multiplier 1 Fee Shifting Multiplier 1 Risk Neutral Case Strength Noise 0.175","0","2","High Quality Liable MutOptLiability2",0.0519,0,0.0519075,0.876929,0.99999,0.187261,1,1,0.939268,0.05,,,0.00048259,,,,,0.00128551,0.127777,0.057716,0.9183,10.8494,8.95524,19.8046,0.195403,10.8494,8.95524,0.195403,0.051037,0.150628,0.201665,0.0220412,0.0355218,0,0.195403,0,0.00048259,0.05,0.00128551,0.127777,0,0.999928,0,2,0.99999,0.187261,1.00706E-05,0.812728,0.00048259,0.00128551,0.127777,0.00471544,0.053001
"FSA Costs Multiplier 1 Fee Shifting Multiplier 1 Risk Neutral Case Strength Noise 0.175","0","2","High Quality Liable MutOptLiability1",0.0786,0,0.0785672,0.884307,0.999965,0.0828932,1,1,0.902084,0.05,,,0.00111866,,,,,0.00275978,0.0604026,0.018612,0.914074,10.8464,8.98561,19.832,0.168012,10.8464,8.98561,0.168012,0.0193285,0.153609,0.172938,0.00755066,0.0311224,0,0.168012,0,0.00111866,0.05,0.00275978,0.0604026,0,0.999938,0,1,0.999965,0.0828932,3.53747E-05,0.917071,0.00111866,0.00275978,0.0604026,0.00159926,0.0170129
"FSA Costs Multiplier 1 Fee Shifting Multiplier 1 Risk Neutral Case Strength Noise 0.175","0","2","High Quality Liable MutOptLiability0",0.0994,0,0.0993583,0.890089,0.999887,0.0358435,1,1,0.746899,0.05,,,0.00249706,,,,,0.00565948,0.027687,0,,10.8419,9.00277,19.8446,0.15536,10.8419,9.00277,0.15536,0.0042059,0.158118,0.162324,0.000676988,0.0329297,0,0.15536,0,0.00249706,0.05,0.00565948,0.027687,0,0.999946,0,0,0.999887,0.0358435,0.000113359,0.964043,0.00249706,0.00565948,0.027687,0,0
"FSA Costs Multiplier 1 Fee Shifting Multiplier 1 Risk Neutral Case Strength Noise 0.175","0","2","High Quality Liable MutOptLiability-1",0.0786,0,0.078562,0.884305,0.99954,0.0198428,1,1,0.379994,0.05,,,0.00674681,,,,,0,0,0,,10.8367,9.01044,19.8471,0.152907,10.8367,9.01044,0.152907,0.0010414,0.163336,0.164378,0.000206484,0.0394689,0,0.152907,0,0.00674681,0.05,0.00654801,0.00654801,0.013096,0.999938,0,-1,0.99954,0.0198428,0.000460082,0.979697,0.00674681,0,0,0,0
"FSA Costs Multiplier 1 Fee Shifting Multiplier 1 Risk Neutral Case Strength Noise 0.175","0","2","High Quality Liable MutOptLiability-2",0.0519,0,0.0519023,0.876926,0.998222,0.00934277,1,1,0.05,0.05,,,0.00934277,,,,,0,0,0,,10.8396,9.00925,19.8489,0.151135,10.8396,9.00925,0.151135,6.935E-05,0.160374,0.160443,6.90095E-05,0.0353282,0,0.151135,0,0.00934277,0.05,0,0,0,0.999928,0,-2,0.998222,0.00934277,0.00177831,0.988879,0.00934277,0,0,0,0
"FSA Costs Multiplier 1 Fee Shifting Multiplier 1 Risk Neutral Case Strength Noise 0.175","0","2","High Quality Liable MutOptLiability-3",0.0285,0,0.0284938,0.867979,0.993394,0,1,1,,,,,0,,,,,0,0,0,,10.8444,9.00661,19.851,0.149009,10.8444,9.00661,0.149009,8.2765E-5,0.155601,0.155684,8.27653E-05,0.0289543,0,0.149009,0,0,,0,0,0,0.999916,0,-3,0.993394,0,0.00660647,0.993394,0,0,0,0,0
"FSA Costs Multiplier 1 Fee Shifting Multiplier 1 Risk Neutral Case Strength Noise 0.175","0","2","High Quality Liable MutOptLiability-4",0.0129,0,0.0129464,0.857645,0.976206,0,1,1,,,,,0,,,,,0,0,0,,10.8298,9.02379,19.8536,0.146431,10.8298,9.02379,0.146431,9.4974E-5,0.170205,0.1703,9.49738E-05,0.0457511,0,0.146431,0,0,,0,0,0,0.999899,0,-4,0.976206,0,0.0237942,0.976206,0,0,0,0,0
"FSA Costs Multiplier 1 Fee Shifting Multiplier 1 Risk Neutral Case Strength Noise 0.175","0","2","High Quality Liable MutOptLiability-5",0.0068,0,0.00681088,0.841893,0.808726,0,1,1,,,,,0,,,,,0,0,0,,10.6874,9.19127,19.8787,0.121309,10.6874,9.19127,0.121309,9.1657E-5,0.312533,0.312625,9.16566E-05,0.209432,0,0.121309,0,0,,0,0,0,0.999872,0,-5.36982,0.808726,0,0.191274,0.808726,0,0,0,0,0
"FSA Costs Multiplier 1 Fee Shifting Multiplier 1 Risk Neutral Case Strength Noise 0.175","0","2","PLiabilitySignal 1",0.1208,0,0.12084,0.105788,0,0,1,1,,,,,0,,,,,0,0,0,,10,10,20,0,10,10,0,0,0.0025215,0.00252148,0,0.00252148,0,0,0,0,,0,0,0,0.00252148,0,-1.61111,0,0,1,0,0,0,0,0,0
"FSA Costs Multiplier 1 Fee Shifting Multiplier 1 Risk Neutral Case Strength Noise 0.175","0","2","PLiabilitySignal 2",0.1253,0,0.12526,0.124931,0,0,1,1,,,,,0,,,,,0,0,0,,10,10,20,0,10,10,0,0,0.0086037,0.0086037,0,0.0086037,0,0,0,0,,0,0,0,0.0086037,0,-0.72593,0,0,1,0,0,0,0,0,0
"FSA Costs Multiplier 1 Fee Shifting Multiplier 1 Risk Neutral Case Strength Noise 0.175","0","2","PLiabilitySignal 3",0.108,0,0.10801,0.15748,0,0,1,1,,,,,0,,,,,0,0,0,,10,10,20,0,10,10,0,0,0.030901,0.030901,0,0.030901,0,0,0,0,,0,0,0,0.030901,0,0.06025,0,0,1,0,0,0,0,0,0
"FSA Costs Multiplier 1 Fee Shifting Multiplier 1 Risk Neutral Case Strength Noise 0.175","0","2","PLiabilitySignal 4",0.082,0,0.08203,0.227699,1,0.8883,1,1,0.05,0.05,,,0.8883,,,,,0,0,0,,10.0061,9.71064,19.7168,0.283245,10.0061,9.71064,0.283245,0.205797,0.0479659,0.253763,0.0689672,0.0417986,0,0.283245,0,0.8883,0.05,0,0,0,0.110053,0,0.55661,1,0.8883,0,0.1117,0.8883,0,0,0,0
"FSA Costs Multiplier 1 Fee Shifting Multiplier 1 Risk Neutral Case Strength Noise 0.175","0","2","PLiabilitySignal 5",0.0639,0,0.06385,0.385937,1,0.714533,1,1,0.44953,0.05,,,0.143578,,,,,0.51386,0,0,,10.1712,9.57163,19.7428,0.25718,10.1712,9.57163,0.25718,0.153295,0.116467,0.269763,0.0709539,0.0934146,0,0.25718,0,0.143578,0.05,0.542407,0.0285478,0.0570955,0.331665,0,0.36747,1,0.714533,0,0.285467,0.143578,0.51386,0,0,0
"FSA Costs Multiplier 1 Fee Shifting Multiplier 1 Risk Neutral Case Strength Noise 0.175","0","2","PLiabilitySignal 6",0.0639,0,0.06385,0.61407,1,0.442302,1,1,0.85,0.05,,,0,,,,,0,0.0853918,0.35691,0.254243,10.4777,9.19891,19.6766,0.323418,10.4777,9.19891,0.323418,0.147678,0.11345,0.261128,0.162755,0.0516721,0,0.323418,0,0,,0,0.0853918,0,0.668345,0,-0.36756,1,0.442302,0,0.557698,0,0,0.0853918,0.266168,0.0907417
"FSA Costs Multiplier 1 Fee Shifting Multiplier 1 Risk Neutral Case Strength Noise 0.175","0","2","PLiabilitySignal 7",0.082,0,0.08203,0.772301,1,0.247166,1,1,0.95,0.05,,,0,,,,,0,0.0834459,0.16372,0.457019,10.7323,9.03149,19.7638,0.236191,10.7323,9.03149,0.236191,0.0910244,0.142398,0.233422,0.0816015,0.0502604,0,0.236191,0,0,,0,0.0834459,0,0.889947,0,-0.55661,1,0.247166,0,0.752834,0,0,0.0834459,0.0888969,0.0748231
"FSA Costs Multiplier 1 Fee Shifting Multiplier 1 Risk Neutral Case Strength Noise 0.175","0","2","PLiabilitySignal 8",0.108,0,0.10801,0.842514,1,0.161799,1,1,0.95,0.05,,,0,,,,,0,0.0750194,0.08678,0.68015,10.8186,8.98109,19.7997,0.200304,10.8186,8.98109,0.200304,0.0583672,0.149588,0.207955,0.0410013,0.042267,0,0.200304,0,0,,0,0.0750194,0,0.96909,0,-0.06016,1,0.161799,0,0.838201,0,0,0.0750194,0.0277566,0.0590234
"FSA Costs Multiplier 1 Fee Shifting Multiplier 1 Risk Neutral Case Strength Noise 0.175","0","2","PLiabilitySignal 9",0.1253,0,0.12526,0.875069,1,0.125208,1,1,0.95,0.05,,,0,,,,,0,0.0670684,0.05814,0.823301,10.8423,8.97149,19.8138,0.186223,10.8423,8.97149,0.186223,0.0427273,0.149891,0.192619,0.0247181,0.0355141,0,0.186223,0,0,,0,0.0670684,0,0.991396,0,0.72593,1,0.125208,0,0.874792,0,0,0.0670684,0.0102733,0.0478667
"FSA Costs Multiplier 1 Fee Shifting Multiplier 1 Risk Neutral Case Strength Noise 0.175","0","2","PLiabilitySignal 10",0.1209,0,0.12086,0.894212,1,0.105954,1,1,0.95,0.05,,,0,,,,,0,0.0608344,0.04512,0.891508,10.8489,8.97164,19.8206,0.179429,10.8489,8.97164,0.179429,0.0346268,0.149082,0.183709,0.0178744,0.0310402,0,0.179429,0,0,,0,0.0608344,0,0.997479,0,1.61111,1,0.105954,0,0.894046,0,0,0.0608344,0.00489516,0.0402248
"FSA Costs Multiplier 1 Fee Shifting Multiplier 1 Risk Neutral Case Strength Noise 0.175","0","2","DLiabilitySignal 1",0.1208,0,0.120839,0.105788,0.247423,0.247423,1,1,0.313716,0.05,,,0.147092,,,,,0.055209,0,0.045122,0.108485,9.95777,9.95447,19.9122,0.0877634,9.95777,9.95447,0.0877634,0.044268,0.0017245,0.0459925,0.0170978,0.00226085,0,0.0877634,0,0.147092,0.05,0.055209,0,0,0.00252111,0,1.61112,0.247423,0.247423,0.752577,0,0.147092,0.055209,0,0.0402268,0.004895
"FSA Costs Multiplier 1 Fee Shifting Multiplier 1 Risk Neutral Case Strength Noise 0.175","0","2","DLiabilitySignal 2",0.1253,0,0.125262,0.124933,0.273248,0.273248,1,1,0.33997,0.05,,,0.154243,,,,,0.0608676,0,0.058137,0.176736,9.957,9.94358,19.9006,0.0994155,9.957,9.94358,0.0994155,0.0514412,0.0050434,0.0564846,0.0235364,0.00669139,0,0.0994155,0,0.154243,0.05,0.0608676,0,0,0.00860619,0,0.725936,0.273248,0.273248,0.726752,0,0.154243,0.0608676,0,0.0478624,0.010275
"FSA Costs Multiplier 1 Fee Shifting Multiplier 1 Risk Neutral Case Strength Noise 0.175","0","2","DLiabilitySignal 3",0.108,0,0.10801,0.157482,0.316134,0.316134,1,1,0.390771,0.05,,,0.161275,,,,,0.068082,0,0.086777,0.319812,9.966,9.91313,19.8791,0.120873,9.966,9.91313,0.120873,0.0667174,0.0151137,0.0818311,0.0366073,0.0202587,0,0.120873,0,0.161275,0.05,0.068082,0,0,0.0309049,0,-0.0602144,0.316134,0.316134,0.683866,0,0.161275,0.068082,0,0.0590243,0.0277522
"FSA Costs Multiplier 1 Fee Shifting Multiplier 1 Risk Neutral Case Strength Noise 0.175","0","2","DLiabilitySignal 4",0.082,0,0.0820335,0.227704,0.401812,0.401812,1,1,0.496266,0.05,,,0.162349,,,,,0.0757337,0,0.16373,0.542985,10.0164,9.81393,19.8303,0.169663,10.0164,9.81393,0.169663,0.1069,0.0438459,0.150746,0.0671244,0.059293,0,0.169663,0,0.162349,0.05,0.0757337,0,0,0.11006,0,-0.556539,0.401812,0.401812,0.598188,0,0.162349,0.0757337,0,0.074827,0.0889029
"FSA Costs Multiplier 1 Fee Shifting Multiplier 1 Risk Neutral Case Strength Noise 0.175","0","2","DLiabilitySignal 5",0.0638,0,0.0638472,0.38594,0.575669,0.575669,1,1,0.661229,0.05,,,0.141247,,,,,0.0774963,0,0.356925,0.745765,10.186,9.53423,19.7202,0.279778,10.186,9.53423,0.279778,0.20799,0.105777,0.313766,0.134923,0.144113,0,0.279778,0,0.141247,0.05,0.0774963,0,0,0.33167,0,-0.367431,0.575669,0.575669,0.424331,0,0.141247,0.0774963,0,0.090743,0.266182
"FSA Costs Multiplier 1 Fee Shifting Multiplier 1 Risk Neutral Case Strength Noise 0.175","0","2","DLiabilitySignal 6",0.0638,0,0.0638479,0.614069,0.800145,0.704535,1,1,0.801744,0.05,,,0.0811927,,,,,0,0.566245,0,,10.5744,9.19986,19.7743,0.225702,10.5744,9.19986,0.225702,0.174716,0.147235,0.32195,0.104403,0.0735119,0,0.225702,0,0.0811927,0.05,0.0285487,0.594794,0.0570973,0.668343,0,0.36756,0.800145,0.704535,0.199855,0.0956099,0.0811927,0,0.566245,0,0
"FSA Costs Multiplier 1 Fee Shifting Multiplier 1 Risk Neutral Case Strength Noise 0.175","0","2","DLiabilitySignal 7",0.082,0,0.082036,0.772301,0.934057,0,1,1,,,,,0,,,,,0,0,0,,10.7939,9.06594,19.8599,0.140109,10.7939,9.06594,0.140109,0.0542646,0.142122,0.196387,0.0542646,0.0299485,0,0.140109,0,0,,0,0,0,0.889946,0,0.556635,0.934057,0,0.0659431,0.934057,0,0,0,0,0
"FSA Costs Multiplier 1 Fee Shifting Multiplier 1 Risk Neutral Case Strength Noise 0.175","0","2","DLiabilitySignal 8",0.108,0,0.108014,0.84252,0.978846,0,1,1,,,,,0,,,,,0,0,0,,10.832,9.02115,19.8532,0.146827,10.832,9.02115,0.146827,0.0172785,0.151764,0.169043,0.0172785,0.0291641,0,0.146827,0,0,,0,0,0,0.969097,0,0.0602942,0.978846,0,0.0211535,0.978846,0,0,0,0,0
"FSA Costs Multiplier 1 Fee Shifting Multiplier 1 Risk Neutral Case Strength Noise 0.175","0","2","DLiabilitySignal 9",0.1253,0,0.125268,0.875069,0.991377,0,1,1,,,,,0,,,,,0,0,0,,10.8427,9.00862,19.8513,0.148707,10.8427,9.00862,0.148707,0.0053873,0.153303,0.15869,0.00538727,0.0275894,0,0.148707,0,0,,0,0,0,0.991394,0,-0.725861,0.991377,0,0.00862312,0.991377,0,0,0,0,0
"FSA Costs Multiplier 1 Fee Shifting Multiplier 1 Risk Neutral Case Strength Noise 0.175","0","2","DLiabilitySignal 10",0.1208,0,0.120843,0.894214,0.995268,0,1,1,,,,,0,,,,,0,0,0,,10.846,9.00473,19.8507,0.14929,10.846,9.00473,0.14929,0.0017427,0.152984,0.154726,0.00174275,0.0263092,0,0.14929,0,0,,0,0,0,0.99748,0,-1.61102,0.995268,0,0.00473226,0.995268,0,0,0,0,0
"FSA Costs Multiplier 1 Fee Shifting Multiplier 1 Risk Neutral Case Strength Noise 0.175","0","2","PDoesntFile",0.3541,0,0.35411,0.128326,0,0,1,1,,,,,0,,,,,0,0,0,,10,10,20,0,10,10,0,0,0.0133292,0.0133292,0,0.0133292,0,0,0,0,,0,0,0,0.0133292,0,-0.788198,0,0,1,0,0,0,0,0,0
"FSA Costs Multiplier 1 Fee Shifting Multiplier 1 Risk Neutral Case Strength Noise 0.175","0","2","P Files",0.6459,0,0.64589,0.703782,1,0.329733,1,1,0.521597,0.05,,,0.12701,,,,,0.050798,0.0559749,0.090306,0.500005,10.617,9.15643,19.7734,0.226552,10.617,9.15643,0.226552,0.0919764,0.128886,0.220863,0.057221,0.0457983,0,0.226552,0,0.12701,0.05,0.0536201,0.058797,0.00564423,0.766833,0,0.432187,1,0.329733,0,0.670267,0.12701,0.050798,0.0559749,0.0451524,0.0451533
"FSA Costs Multiplier 1 Fee Shifting Multiplier 1 Risk Neutral Case Strength Noise 0.175","0","2","DDoesntAnswer",0.4329,0,0.432919,0.861257,1,0,1,1,,,,,0,,,,,0,0,0,,10.85,9,19.85,0.15,10.85,9,0.15,0.0191627,0.147126,0.166288,0.0191627,0.0220688,0,0.15,0,0,,0,0,0,0.980837,0,-0.403113,1,0,0,1,0,0,0,0,0
"FSA Costs Multiplier 1 Fee Shifting Multiplier 1 Risk Neutral Case Strength Noise 0.175","0","2","D Answers",0.213,0,0.212971,0.383675,1,1,1,1,0.521597,0.05,,,0.385191,,,,,0.154058,0.169758,0.273875,0.500005,10.1434,9.4744,19.6178,0.382163,10.1434,9.4744,0.382163,0.239989,0.0918096,0.331799,0.134584,0.0940344,0,0.382163,0,0.385191,0.05,0.162617,0.178317,0.0171175,0.331814,0,2.13015,1,1,0,0,0.385191,0.154058,0.169758,0.136936,0.136939
"FSA Costs Multiplier 1 Fee Shifting Multiplier 1 Risk Neutral Case Strength Noise 0.175","0","2","Settles1",0.082,0,0.0820348,0.1865,1,1,1,1,0.05,0.05,,,1,,,,,0,0,0,,9.9,9.8,19.7,0.3,9.9,9.8,0.3,0.190819,0.0504978,0.241316,0.0381637,0.0555476,0,0.3,0,1,0.05,0,0,0,0.0459071,0,1.20882,1,1,0,0,1,0,0,0,0
"FSA Costs Multiplier 1 Fee Shifting Multiplier 1 Risk Neutral Case Strength Noise 0.175","0","2","DoesntSettle1",0.1309,0,0.130937,0.507209,1,1,1,1,0.817063,0.05,,,0,,,,,0.250579,0.276115,0.445464,0.500005,10.296,9.27041,19.5664,0.433639,10.296,9.27041,0.433639,0.270795,0.117692,0.388488,0.194994,0.118147,0,0.433639,0,0,,0.2645,0.290036,0.0278421,0.510941,0,2.70738,1,1,0,0,0,0.250579,0.276115,0.22273,0.222734
"FSA Costs Multiplier 1 Fee Shifting Multiplier 1 Risk Neutral Case Strength Noise 0.175","0","2","PAbandons1",0.0328,0,0.0328099,0.217794,1,1,1,1,0.55,0.05,,,0,,,,,1,0,0,,9.85,9.85,19.7,0.3,9.85,9.85,0.3,0.13925,0.0824158,0.221666,0.0208875,0.0947782,0,0.3,0,0,,1,0,0,0.0716659,0,2.14808,1,1,0,0,0,1,0,0,0
"FSA Costs Multiplier 1 Fee Shifting Multiplier 1 Risk Neutral Case Strength Noise 0.175","0","2","PDoesntAbandon1",0.0981,0,0.0981267,0.603979,1,1,1,1,0.906359,0.05,,,0,,,,,0,0.368438,0.594411,0.500005,10.4451,9.07661,19.5217,0.478323,10.4451,9.07661,0.478323,0.314779,0.129488,0.444267,0.253209,0.125961,0,0.478323,0,0,,0.0185757,0.387014,0.0371514,0.657818,0,2.89438,1,1,0,0,0,0,0.368438,0.297202,0.297208
"FSA Costs Multiplier 1 Fee Shifting Multiplier 1 Risk Neutral Case Strength Noise 0.175","0","2","DDefaults1",0.0362,0,0.0361536,0.782208,1,1,1,1,0.934919,0.05,,,0,,,,,0,1,0,,10.85,8.85,19.7,0.3,10.85,8.85,0.3,0.221664,0.13925,0.360915,0.115664,0.0208876,0,0.3,0,0,,0,1,0,0.928336,0,2.14815,1,1,0,0,0,0,1,0,0
"FSA Costs Multiplier 1 Fee Shifting Multiplier 1 Risk Neutral Case Strength Noise 0.175","0","2","DDoesntDefault1",0.062,0,0.0619731,0.500004,1,1,1,1,0.889698,0.05,,,0,,,,,0,0,0.941175,0.500005,10.2088,9.20882,19.4176,0.582353,10.2088,9.20882,0.582353,0.3691,0.123792,0.492892,0.333449,0.187258,0,0.582353,0,0,,0.0294123,0.0294123,0.0588247,0.500005,0,3.32971,1,1,0,0,0,0,0,0.470583,0.470592
"FSA Costs Multiplier 1 Fee Shifting Multiplier 1 Risk Neutral Case Strength Noise 0.175","0","2","POrDQuits1",0.069,0,0.0689635,0.513684,1,1,1,1,0.751791,0.05,,,0,,,,,0.475758,0.524242,0,,10.3742,9.32576,19.7,0.3,10.3742,9.32576,0.3,0.182455,0.112211,0.294666,0.0705731,0.0560416,0,0.3,0,0,,0.475758,0.524242,0,0.520768,0,2.14812,1,1,0,0,0,0.475758,0.524242,0,0
"FSA Costs Multiplier 1 Fee Shifting Multiplier 1 Risk Neutral Case Strength Noise 0.175","0","2","P Loses",0.0292,0,0.0291635,0.27939,1,1,1,1,0.891726,0.05,,,0,,,,,0,0,1,0,9.4,10,19.4,0.6,9.4,10,0.6,0,0.222435,0.222435,0,0.355896,0,0.6,0,0,,0,0,0,0.139022,0,3.6003,1,1,0,0,0,0,0,1,0
"FSA Costs Multiplier 1 Fee Shifting Multiplier 1 Risk Neutral Case Strength Noise 0.175","0","2","P Wins",0.0292,0,0.0291641,0.720613,1,1,1,1,0.930134,0.05,,,0,,,,,0,0,1,1,11,8.4,19.4,0.6,11,8.4,0.6,0.739018,0,0.739018,0.665839,0,0,0.6,0,0,,0,0,0,0.860982,0,3.60035,1,1,0,0,0,0,0,0,1
