0,1,0.5,0.5,0.2,0.2,0.2,0.2,0.2,0.2,0.2,0.2,0.2,0.2,0,1,0.5,0.5,0.2,0.2,0.2,0.2,0.2,0.2,0.2,0.2,0.2,0.2,0,1,0.5,0.5,0.2,0.2,0.2,0.2,0.2,0.2,0.2,0.2,0.2,0.2,0,1,0.5,0.5,0.2,0.2,0.2,0.2,0.2,0.2,0.2,0.2,0.2,0.2,0,1,0.5,0.5,0.2,0.2,0.2,0.2,0.2,0.2,0.2,0.2,0.2,0.2,1,0,0.21301672840611344,0.7869832715938867,0,0,1,0,0,0.5486111111111112,0.4513888888888889,0,0,0,1,0,1,0,0,0,1,0,0,0.2,0.2,0.2,0.2,0.2,1,0,1,0,0,0,1,0,0,0.2,0.2,0.2,0.2,0.2,1,0,0.2326912536009467,0.7673087463990533,0,0,1,0,0,0.5486111111111112,0.4513888888888889,0,0,0,1,0,0.9878994984439251,0.012100501556074936,0,0,1,0,0,0.5486111111111112,0.4513888888888889,0,0,0
1,0,0.919708636241725,0.08029136375827503,0,0,1,0,0,0,0,0,1,0,1,0,0.32546852487762495,0.6745314751223751,0,0,1,0,0,0,0,0,0.36414132946753625,0.6358586705324638,1,0,0.9891674687377946,0.010832531262205429,0,0,1,0,0,0,0,0,0,1,1,0,1,0,0,0,1,0,0,0.2,0.2,0.2,0.2,0.2,1,0,0,1,0.2,0.2,0.2,0.2,0.2,0,0,0,0.6197285911333872,0.38027140886661287,0,1,0.5,0.5,0.2,0.2,0.2,0.2,0.2,0.2,0.2,0.2,0.2,0.2,0,1,0.5,0.5,0.2,0.2,0.2,0.2,0.2,0.2,0.2,0.2,0.2,0.2,0,1,0.5,0.5,0.2,0.2,0.2,0.2,0.2,0.2,0.2,0.2,0.2,0.2,0,1,0.5,0.5,0.2,0.2,0.2,0.2,0.2,0.2,0.2,0.2,0.2,0.2,0,1,0.5,0.5,0.2,0.2,0.2,0.2,0.2,0.2,0.2,0.2,0.2,0.2
0,1,0.5,0.5,0.2,0.2,0.2,0.2,0.2,0.2,0.2,0.2,0.2,0.2,0,1,0.5,0.5,0.2,0.2,0.2,0.2,0.2,0.2,0.2,0.2,0.2,0.2,0,1,0.5,0.5,0.2,0.2,0.2,0.2,0.2,0.2,0.2,0.2,0.2,0.2,0,1,0.5,0.5,0.2,0.2,0.2,0.2,0.2,0.2,0.2,0.2,0.2,0.2,0,1,0.5,0.5,0.2,0.2,0.2,0.2,0.2,0.2,0.2,0.2,0.2,0.2,1,0,0.21301672840611344,0.7869832715938867,0,0,1,0,0,0.5393939768223452,0.4606060231776548,0,0,0,1,0,1,0,0,0,1,0,0,0.2,0.2,0.2,0.2,0.2,1,0,1,0,0,0,1,0,0,0.2,0.2,0.2,0.2,0.2,1,0,0.2326912536009467,0.7673087463990533,0,0,1,0,0,0.5595520031665729,0.4404479968334272,0,0,0,1,0,0.9878994984439251,0.012100501556074936,0,0,1,0,0,0,1,0,0,0
0,1,0.5,0.5,0.2,0.2,0.2,0.2,0.2,0.2,0.2,0.2,0.2,0.2,0,1,0.5,0.5,0.2,0.2,0.2,0.2,0.2,0.2,0.2,0.2,0.2,0.2,0,1,0.5,0.5,0.2,0.2,0.2,0.2,0.2,0.2,0.2,0.2,0.2,0.2,0,1,0.5,0.5,0.2,0.2,0.2,0.2,0.2,0.2,0.2,0.2,0.2,0.2,0,1,0.5,0.5,0.2,0.2,0.2,0.2,0.2,0.2,0.2,0.2,0.2,0.2,1,0,0,1,0.2,0.2,0.2,0.2,0.2,0.37715201622014755,0.6228479837798525,0,0,0,1,0,1,0,0,0,1,0,0,0.2,0.2,0.2,0.2,0.2,1,0,0.9890833653916103,0.010916634608389753,0,0,1,0,0,1,0,0,0,0,1,0,0.32660325143812835,0.6733967485618717,0,0,1,0,0,0.6321800012270506,0.3678199987729494,0,0,0,1,0,0.9194814633253895,0.0805185366746106,0,0,1,0,0,0,1,0,0,0
0,1,0.5,0.5,0.2,0.2,0.2,0.2,0.2,0.2,0.2,0.2,0.2,0.2,0,1,0.5,0.5,0.2,0.2,0.2,0.2,0.2,0.2,0.2,0.2,0.2,0.2,0,1,0.5,0.5,0.2,0.2,0.2,0.2,0.2,0.2,0.2,0.2,0.2,0.2,0,1,0.5,0.5,0.2,0.2,0.2,0.2,0.2,0.2,0.2,0.2,0.2,0.2,0,1,0.5,0.5,0.2,0.2,0.2,0.2,0.2,0.2,0.2,0.2,0.2,0.2,1,0,0,1,0.2,0.2,0.2,0.2,0.2,0,1,0,0,0,1,0,0.2545937253352754,0.7454062746647248,0,0,1,0,0,0.8422744757687213,0.15772552423127872,0,0,0,1,0,1,0,0,0,1,0,0,0.2,0.2,0.2,0.2,0.2,1,0,1,0,0,0,1,0,0,0.2,0.2,0.2,0.2,0.2,1,0,0.43979607243899327,0.5602039275610069,0,0,1,0,0,0.5299497475058113,0.4700502524941888,0,0,0
1,0,0.688391483706117,0.311608516293883,0,0,1,0,0,0,0,0,0.8397704324420037,0.16022956755799636,1,0,0.6486190648289933,0.35138093517100666,0,0,1,0,0,0,0,0,0,1,1,0,1,0,0,0,1,0,0,0.2,0.2,0.2,0.2,0.2,1,0,0.6337489477208863,0.3662510522791137,0,0,1,0,0,0,0,0,0.3115474049707045,0.6884525950292956,1,0,0,1,0.2,0.2,0.2,0.2,0.2,0,0,0,1,0,0,1,0.5,0.5,0.2,0.2,0.2,0.2,0.2,0.2,0.2,0.2,0.2,0.2,0,1,0.5,0.5,0.2,0.2,0.2,0.2,0.2,0.2,0.2,0.2,0.2,0.2,0,1,0.5,0.5,0.2,0.2,0.2,0.2,0.2,0.2,0.2,0.2,0.2,0.2,0,1,0.5,0.5,0.2,0.2,0.2,0.2,0.2,0.2,0.2,0.2,0.2,0.2,0,1,0.5,0.5,0.2,0.2,0.2,0.2,0.2,0.2,0.2,0.2,0.2,0.2
1,0,0.9877963883269782,0.012203611673021785,0,0,1,0,0,0,0,0,0.4479166666666667,0.5520833333333334,1,0,0.2320146601413145,0.7679853398586856,0,0,1,0,0,0,0,0,0.4479166666666667,0.5520833333333334,1,0,1,0,0,0,1,0,0,0.2,0.2,0.2,0.2,0.2,1,0,1,0,0,0,1,0,0,0.2,0.2,0.2,0.2,0.2,1,0,0.2121089189000625,0.7878910810999376,0,0,1,0,0,0,0,0,0.4479166666666667,0.5520833333333334,0,1,0.5,0.5,0.2,0.2,0.2,0.2,0.2,0.2,0.2,0.2,0.2,0.2,0,1,0.5,0.5,0.2,0.2,0.2,0.2,0.2,0.2,0.2,0.2,0.2,0.2,0,1,0.5,0.5,0.2,0.2,0.2,0.2,0.2,0.2,0.2,0.2,0.2,0.2,0,1,0.5,0.5,0.2,0.2,0.2,0.2,0.2,0.2,0.2,0.2,0.2,0.2,0,1,0.5,0.5,0.2,0.2,0.2,0.2,0.2,0.2,0.2,0.2,0.2,0.2
1,0,0.43927009590370497,0.5607299040962951,0,0,1,0,0,0,0,0,0.20761610335875863,0.7923838966412414,1,0,1,0,0,0,1,0,0,0.2,0.2,0.2,0.2,0.2,1,0,1,0,0,0,1,0,0,0.2,0.2,0.2,0.2,0.2,1,0,0.25345516118091344,0.7465448388190867,0,0,1,0,0,0,0,0,1,0,1,0,0,1,0.2,0.2,0.2,0.2,0.2,0,0,0,0.4613667685450153,0.5386332314549847,0,1,0.5,0.5,0.2,0.2,0.2,0.2,0.2,0.2,0.2,0.2,0.2,0.2,0,1,0.5,0.5,0.2,0.2,0.2,0.2,0.2,0.2,0.2,0.2,0.2,0.2,0,1,0.5,0.5,0.2,0.2,0.2,0.2,0.2,0.2,0.2,0.2,0.2,0.2,0,1,0.5,0.5,0.2,0.2,0.2,0.2,0.2,0.2,0.2,0.2,0.2,0.2,0,1,0.5,0.5,0.2,0.2,0.2,0.2,0.2,0.2,0.2,0.2,0.2,0.2
1,0,0.9283138112781878,0.07168618872181215,0,0,1,0,0,0,0,0,1,0,1,0,0.31021322752070185,0.6897867724792982,0,0,1,0,0,0,0,0,0.36970013286174924,0.6302998671382508,1,0,1,0,0,0,1,0,0,0.2,0.2,0.2,0.2,0.2,1,0,1,0,0,0,1,0,0,0.2,0.2,0.2,0.2,0.2,1,0,0,1,0.2,0.2,0.2,0.2,0.2,0,0,0,0.6075648223434771,0.39243517765652297,0,1,0.5,0.5,0.2,0.2,0.2,0.2,0.2,0.2,0.2,0.2,0.2,0.2,0,1,0.5,0.5,0.2,0.2,0.2,0.2,0.2,0.2,0.2,0.2,0.2,0.2,0,1,0.5,0.5,0.2,0.2,0.2,0.2,0.2,0.2,0.2,0.2,0.2,0.2,0,1,0.5,0.5,0.2,0.2,0.2,0.2,0.2,0.2,0.2,0.2,0.2,0.2,0,1,0.5,0.5,0.2,0.2,0.2,0.2,0.2,0.2,0.2,0.2,0.2,0.2
0,1,0.5,0.5,0.2,0.2,0.2,0.2,0.2,0.2,0.2,0.2,0.2,0.2,0,1,0.5,0.5,0.2,0.2,0.2,0.2,0.2,0.2,0.2,0.2,0.2,0.2,0,1,0.5,0.5,0.2,0.2,0.2,0.2,0.2,0.2,0.2,0.2,0.2,0.2,0,1,0.5,0.5,0.2,0.2,0.2,0.2,0.2,0.2,0.2,0.2,0.2,0.2,0,1,0.5,0.5,0.2,0.2,0.2,0.2,0.2,0.2,0.2,0.2,0.2,0.2,1,0,0,1,0.2,0.2,0.2,0.2,0.2,0.4128837691153951,0.5871162308846051,0,0,0,1,0,0.7989858464073063,0.2010141535926937,0,0,1,0,0,1,0,0,0,0,1,0,1,0,0,0,1,0,0,0.2,0.2,0.2,0.2,0.2,1,0,1,0,0,0,1,0,0,0.2,0.2,0.2,0.2,0.2,1,0,0.2637662307643753,0.7362337692356248,0,0,1,0,0,0.5290324606511083,0.47096753934889185,0,0,0
0,1,0.5,0.5,0.2,0.2,0.2,0.2,0.2,0.2,0.2,0.2,0.2,0.2,0,1,0.5,0.5,0.2,0.2,0.2,0.2,0.2,0.2,0.2,0.2,0.2,0.2,0,1,0.5,0.5,0.2,0.2,0.2,0.2,0.2,0.2,0.2,0.2,0.2,0.2,0,1,0.5,0.5,0.2,0.2,0.2,0.2,0.2,0.2,0.2,0.2,0.2,0.2,0,1,0.5,0.5,0.2,0.2,0.2,0.2,0.2,0.2,0.2,0.2,0.2,0.2,1,0,0,1,0.2,0.2,0.2,0.2,0.2,0.3893998318144993,0.6106001681855008,0,0,0,1,0,1,0,0,0,1,0,0,0.2,0.2,0.2,0.2,0.2,1,0,1,0,0,0,1,0,0,0.2,0.2,0.2,0.2,0.2,1,0,0.3112282369905165,0.6887717630094836,0,0,1,0,0,0.626652162628541,0.373347837371459,0,0,0,1,0,0.9281553074148913,0.07184469258510875,0,0,1,0,0,0,1,0,0,0
1,0,0.43927009590370497,0.5607299040962951,0,0,1,0,0,0,0,0,0.4666767664236909,0.5333232335763092,1,0,1,0,0,0,1,0,0,0.2,0.2,0.2,0.2,0.2,1,0,1,0,0,0,1,0,0,0.2,0.2,0.2,0.2,0.2,1,0,0.25345516118091344,0.7465448388190867,0,0,1,0,0,0,0,0,0.1528435520173747,0.8471564479826253,1,0,0,1,0.2,0.2,0.2,0.2,0.2,0,0,0,1,0,0,1,0.5,0.5,0.2,0.2,0.2,0.2,0.2,0.2,0.2,0.2,0.2,0.2,0,1,0.5,0.5,0.2,0.2,0.2,0.2,0.2,0.2,0.2,0.2,0.2,0.2,0,1,0.5,0.5,0.2,0.2,0.2,0.2,0.2,0.2,0.2,0.2,0.2,0.2,0,1,0.5,0.5,0.2,0.2,0.2,0.2,0.2,0.2,0.2,0.2,0.2,0.2,0,1,0.5,0.5,0.2,0.2,0.2,0.2,0.2,0.2,0.2,0.2,0.2,0.2
1,0,0.5242081942117538,0.47579180578824626,0,0,1,0,0,0,0,0,0.3714681884440361,0.628531811555964,1,0,1,0,0,0,1,0,0,0.2,0.2,0.2,0.2,0.2,1,0,0.677134792786416,0.32286520721358414,0,0,1,0,0,0,0,0,1,0,1,0,0.34654740175907395,0.653452598240926,0,0,1,0,0,0,0,0,0.03215585091214213,0.9678441490878579,1,0,1,0,0,0,1,0,0,0.2,0.2,0.2,0.2,0.2,0,1,0.5,0.5,0.2,0.2,0.2,0.2,0.2,0.2,0.2,0.2,0.2,0.2,0,1,0.5,0.5,0.2,0.2,0.2,0.2,0.2,0.2,0.2,0.2,0.2,0.2,0,1,0.5,0.5,0.2,0.2,0.2,0.2,0.2,0.2,0.2,0.2,0.2,0.2,0,1,0.5,0.5,0.2,0.2,0.2,0.2,0.2,0.2,0.2,0.2,0.2,0.2,0,1,0.5,0.5,0.2,0.2,0.2,0.2,0.2,0.2,0.2,0.2,0.2,0.2
1,0,0.9573297327960663,0.042670267203933805,0,0,1,0,0,0,0,0,1,0,1,0,0.2720675450962554,0.7279324549037446,0,0,1,0,0,0,0,0,0.40537172455560333,0.5946282754443967,1,0,1,0,0,0,1,0,0,0.2,0.2,0.2,0.2,0.2,1,0,1,0,0,0,1,0,0,0.2,0.2,0.2,0.2,0.2,1,0,0.10346787327317712,0.8965321267268229,0,0,1,0,0,0,0,0,0.5416153086965962,0.4583846913034039,0,1,0.5,0.5,0.2,0.2,0.2,0.2,0.2,0.2,0.2,0.2,0.2,0.2,0,1,0.5,0.5,0.2,0.2,0.2,0.2,0.2,0.2,0.2,0.2,0.2,0.2,0,1,0.5,0.5,0.2,0.2,0.2,0.2,0.2,0.2,0.2,0.2,0.2,0.2,0,1,0.5,0.5,0.2,0.2,0.2,0.2,0.2,0.2,0.2,0.2,0.2,0.2,0,1,0.5,0.5,0.2,0.2,0.2,0.2,0.2,0.2,0.2,0.2,0.2,0.2
1,0,0.2631608251612028,0.7368391748387972,0,0,1,0,0,0,0,0,0.4238897081780784,0.5761102918219215,1,0,1,0,0,0,1,0,0,0.2,0.2,0.2,0.2,0.2,1,0,1,0,0,0,1,0,0,0.2,0.2,0.2,0.2,0.2,1,0,0.798117678286003,0.2018823217139971,0,0,1,0,0,0,0,0,1,0,1,0,0,1,0.2,0.2,0.2,0.2,0.2,0,0,0,0.2811852140806798,0.7188147859193202,0,1,0.5,0.5,0.2,0.2,0.2,0.2,0.2,0.2,0.2,0.2,0.2,0.2,0,1,0.5,0.5,0.2,0.2,0.2,0.2,0.2,0.2,0.2,0.2,0.2,0.2,0,1,0.5,0.5,0.2,0.2,0.2,0.2,0.2,0.2,0.2,0.2,0.2,0.2,0,1,0.5,0.5,0.2,0.2,0.2,0.2,0.2,0.2,0.2,0.2,0.2,0.2,0,1,0.5,0.5,0.2,0.2,0.2,0.2,0.2,0.2,0.2,0.2,0.2,0.2
0,1,0.5,0.5,0.2,0.2,0.2,0.2,0.2,0.2,0.2,0.2,0.2,0.2,0,1,0.5,0.5,0.2,0.2,0.2,0.2,0.2,0.2,0.2,0.2,0.2,0.2,0,1,0.5,0.5,0.2,0.2,0.2,0.2,0.2,0.2,0.2,0.2,0.2,0.2,0,1,0.5,0.5,0.2,0.2,0.2,0.2,0.2,0.2,0.2,0.2,0.2,0.2,0,1,0.5,0.5,0.2,0.2,0.2,0.2,0.2,0.2,0.2,0.2,0.2,0.2,1,0,0,1,0.2,0.2,0.2,0.2,0.2,1,0,0,0,0,1,0,0.7989858464073063,0.2010141535926937,0,0,1,0,0,1,0,0,0,0,1,0,1,0,0,0,1,0,0,0.2,0.2,0.2,0.2,0.2,1,0,1,0,0,0,1,0,0,0.2,0.2,0.2,0.2,0.2,1,0,0.2637662307643753,0.7362337692356248,0,0,1,0,0,0.44134147442487714,0.558658525575123,0,0,0
0,1,0.5,0.5,0.2,0.2,0.2,0.2,0.2,0.2,0.2,0.2,0.2,0.2,0,1,0.5,0.5,0.2,0.2,0.2,0.2,0.2,0.2,0.2,0.2,0.2,0.2,0,1,0.5,0.5,0.2,0.2,0.2,0.2,0.2,0.2,0.2,0.2,0.2,0.2,0,1,0.5,0.5,0.2,0.2,0.2,0.2,0.2,0.2,0.2,0.2,0.2,0.2,0,1,0.5,0.5,0.2,0.2,0.2,0.2,0.2,0.2,0.2,0.2,0.2,0.2,1,0,0,1,0.2,0.2,0.2,0.2,0.2,0.7135720344597507,0.2864279655402494,0,0,0,1,0,0.7989858464073063,0.2010141535926937,0,0,1,0,0,0,1,0,0,0,1,0,1,0,0,0,1,0,0,0.2,0.2,0.2,0.2,0.2,1,0,1,0,0,0,1,0,0,0.2,0.2,0.2,0.2,0.2,1,0,0.2637662307643753,0.7362337692356248,0,0,1,0,0,0.5724067016701916,0.42759329832980847,0,0,0
0,1,0.5,0.5,0.2,0.2,0.2,0.2,0.2,0.2,0.2,0.2,0.2,0.2,0,1,0.5,0.5,0.2,0.2,0.2,0.2,0.2,0.2,0.2,0.2,0.2,0.2,0,1,0.5,0.5,0.2,0.2,0.2,0.2,0.2,0.2,0.2,0.2,0.2,0.2,0,1,0.5,0.5,0.2,0.2,0.2,0.2,0.2,0.2,0.2,0.2,0.2,0.2,0,1,0.5,0.5,0.2,0.2,0.2,0.2,0.2,0.2,0.2,0.2,0.2,0.2,1,0,0,1,0.2,0.2,0.2,0.2,0.2,0.7135720344597507,0.2864279655402494,0,0,0,1,0,0.9530978137919501,0.04690218620804996,0,0,1,0,0,0,1,0,0,0,1,0,1,0,0,0,1,0,0,0.2,0.2,0.2,0.2,0.2,1,0,0.6556638908092397,0.34433610919076035,0,0,1,0,0,0,1,0,0,0,1,0,0.5785748564936232,0.42142514350637694,0,0,1,0,0,1,0,0,0,0
0,1,0.5,0.5,0.2,0.2,0.2,0.2,0.2,0.2,0.2,0.2,0.2,0.2,0,1,0.5,0.5,0.2,0.2,0.2,0.2,0.2,0.2,0.2,0.2,0.2,0.2,0,1,0.5,0.5,0.2,0.2,0.2,0.2,0.2,0.2,0.2,0.2,0.2,0.2,0,1,0.5,0.5,0.2,0.2,0.2,0.2,0.2,0.2,0.2,0.2,0.2,0.2,0,1,0.5,0.5,0.2,0.2,0.2,0.2,0.2,0.2,0.2,0.2,0.2,0.2,1,0,0.42145219785825305,0.578547802141747,0,0,1,0,0,0.3859876345155093,0.6140123654844908,0,0,0,1,0,1,0,0,0,1,0,0,0.2,0.2,0.2,0.2,0.2,1,0,0.6465484408735185,0.3534515591264815,0,0,1,0,0,1,0,0,0,0,1,0,0.6536453575282052,0.3463546424717949,0,0,1,0,0,0,1,0,0,0,1,0,0.7655228225431814,0.23447717745681862,0,0,1,0,0,0.9767054857464718,0.023294514253528256,0,0,0
0,1,0.5,0.5,0.2,0.2,0.2,0.2,0.2,0.2,0.2,0.2,0.2,0.2,0,1,0.5,0.5,0.2,0.2,0.2,0.2,0.2,0.2,0.2,0.2,0.2,0.2,0,1,0.5,0.5,0.2,0.2,0.2,0.2,0.2,0.2,0.2,0.2,0.2,0.2,0,1,0.5,0.5,0.2,0.2,0.2,0.2,0.2,0.2,0.2,0.2,0.2,0.2,0,1,0.5,0.5,0.2,0.2,0.2,0.2,0.2,0.2,0.2,0.2,0.2,0.2,1,0,0,1,0.2,0.2,0.2,0.2,0.2,1,0,0,0,0,1,0,0.2545937253352754,0.7454062746647248,0,0,1,0,0,0.3069893553801661,0.6930106446198341,0,0,0,1,0,1,0,0,0,1,0,0,0.2,0.2,0.2,0.2,0.2,1,0,1,0,0,0,1,0,0,0.2,0.2,0.2,0.2,0.2,1,0,0.43979607243899327,0.5602039275610069,0,0,1,0,0,0.5639653976218009,0.4360346023781991,0,0,0
1,0,0.9877963883269782,0.012203611673021785,0,0,1,0,0,0,0,0,0,1,1,0,0.2320146601413145,0.7679853398586856,0,0,1,0,0,0,0,0,0.4551403722206699,0.5448596277793301,1,0,1,0,0,0,1,0,0,0.2,0.2,0.2,0.2,0.2,1,0,1,0,0,0,1,0,0,0.2,0.2,0.2,0.2,0.2,1,0,0.2121089189000625,0.7878910810999376,0,0,1,0,0,0,0,0,0.4432030692521252,0.5567969307478748,0,1,0.5,0.5,0.2,0.2,0.2,0.2,0.2,0.2,0.2,0.2,0.2,0.2,0,1,0.5,0.5,0.2,0.2,0.2,0.2,0.2,0.2,0.2,0.2,0.2,0.2,0,1,0.5,0.5,0.2,0.2,0.2,0.2,0.2,0.2,0.2,0.2,0.2,0.2,0,1,0.5,0.5,0.2,0.2,0.2,0.2,0.2,0.2,0.2,0.2,0.2,0.2,0,1,0.5,0.5,0.2,0.2,0.2,0.2,0.2,0.2,0.2,0.2,0.2,0.2
0,1,0.5,0.5,0.2,0.2,0.2,0.2,0.2,0.2,0.2,0.2,0.2,0.2,0,1,0.5,0.5,0.2,0.2,0.2,0.2,0.2,0.2,0.2,0.2,0.2,0.2,0,1,0.5,0.5,0.2,0.2,0.2,0.2,0.2,0.2,0.2,0.2,0.2,0.2,0,1,0.5,0.5,0.2,0.2,0.2,0.2,0.2,0.2,0.2,0.2,0.2,0.2,0,1,0.5,0.5,0.2,0.2,0.2,0.2,0.2,0.2,0.2,0.2,0.2,0.2,1,0,0.07420634751512095,0.9257936524848791,0,0,1,0,0,0.365823875213711,0.6341761247862889,0,0,0,1,0,1,0,0,0,1,0,0,0.2,0.2,0.2,0.2,0.2,1,0,0.9129368726551041,0.08706312734489585,0,0,1,0,0,1,0,0,0,0,1,0,0.6204083732514752,0.3795916267485248,0,0,1,0,0,1,0,0,0,0,1,0,0.653257793317538,0.34674220668246203,0,0,1,0,0,0,1,0,0,0
0,1,0.5,0.5,0.2,0.2,0.2,0.2,0.2,0.2,0.2,0.2,0.2,0.2,0,1,0.5,0.5,0.2,0.2,0.2,0.2,0.2,0.2,0.2,0.2,0.2,0.2,0,1,0.5,0.5,0.2,0.2,0.2,0.2,0.2,0.2,0.2,0.2,0.2,0.2,0,1,0.5,0.5,0.2,0.2,0.2,0.2,0.2,0.2,0.2,0.2,0.2,0.2,0,1,0.5,0.5,0.2,0.2,0.2,0.2,0.2,0.2,0.2,0.2,0.2,0.2,1,0,0.662535280924093,0.33746471907590714,0,1,0,0,0,1,0,0,0,0,1,0,1,0,0,1,0,0,0,0.2,0.2,0.2,0.2,0.2,1,0,0.682924551474939,0.31707544852506103,0,0,1,0,0,0,1,0,0,0,1,0,0.8820965942812163,0.11790340571878367,0,0,1,0,0,0,1,0,0,0,1,0,0.5967329634645698,0.40326703653543017,0,0,1,0,0,1,0,0,0,0
0,1,0.5,0.5,0.2,0.2,0.2,0.2,0.2,0.2,0.2,0.2,0.2,0.2,0,1,0.5,0.5,0.2,0.2,0.2,0.2,0.2,0.2,0.2,0.2,0.2,0.2,0,1,0.5,0.5,0.2,0.2,0.2,0.2,0.2,0.2,0.2,0.2,0.2,0.2,0,1,0.5,0.5,0.2,0.2,0.2,0.2,0.2,0.2,0.2,0.2,0.2,0.2,0,1,0.5,0.5,0.2,0.2,0.2,0.2,0.2,0.2,0.2,0.2,0.2,0.2,1,0,0,1,0.2,0.2,0.2,0.2,0.2,0.20107337392220972,0.7989266260777903,0,0,0,1,0,1,0,0,0,1,0,0,0.2,0.2,0.2,0.2,0.2,1,0,0.8602704743483527,0.1397295256516473,0,0,1,0,0,1,0,0,0,0,1,0,0.5080236371041165,0.4919763628958836,0,0,1,0,0,0.7622640687375568,0.23773593126244316,0,0,0,1,0,0.8171328024323588,0.1828671975676413,0,0,1,0,0,0,1,0,0,0
0,1,0.5,0.5,0.2,0.2,0.2,0.2,0.2,0.2,0.2,0.2,0.2,0.2,0,1,0.5,0.5,0.2,0.2,0.2,0.2,0.2,0.2,0.2,0.2,0.2,0.2,0,1,0.5,0.5,0.2,0.2,0.2,0.2,0.2,0.2,0.2,0.2,0.2,0.2,0,1,0.5,0.5,0.2,0.2,0.2,0.2,0.2,0.2,0.2,0.2,0.2,0.2,0,1,0.5,0.5,0.2,0.2,0.2,0.2,0.2,0.2,0.2,0.2,0.2,0.2,1,0,1,0,0,0,1,0,0,0.2,0.2,0.2,0.2,0.2,1,0,0.3471743063850104,0.6528256936149897,0,0,1,0,0,0.5486111111111112,0.4513888888888889,0,0,0,1,0,0.6774815467295667,0.3225184532704334,0,0,1,0,0,0.5486111111111112,0.4513888888888889,0,0,0,1,0,1,0,0,0,1,0,0,0.2,0.2,0.2,0.2,0.2,1,0,0.524660172757983,0.47533982724201695,0,0,1,0,0,0.5486111111111112,0.4513888888888889,0,0,0
0,1,0.5,0.5,0.2,0.2,0.2,0.2,0.2,0.2,0.2,0.2,0.2,0.2,0,1,0.5,0.5,0.2,0.2,0.2,0.2,0.2,0.2,0.2,0.2,0.2,0.2,0,1,0.5,0.5,0.2,0.2,0.2,0.2,0.2,0.2,0.2,0.2,0.2,0.2,0,1,0.5,0.5,0.2,0.2,0.2,0.2,0.2,0.2,0.2,0.2,0.2,0.2,0,1,0.5,0.5,0.2,0.2,0.2,0.2,0.2,0.2,0.2,0.2,0.2,0.2,1,0,0,1,0.2,0.2,0.2,0.2,0.2,0.42723729950513517,0.5727627004948649,0,0,0,1,0,1,0,0,0,1,0,0,0.2,0.2,0.2,0.2,0.2,1,0,1,0,0,0,1,0,0,0.2,0.2,0.2,0.2,0.2,1,0,0.5508691977980743,0.44913080220192575,0,0,1,0,0,0.9522644145314348,0.04773558546856522,0,0,0,1,0,0.6743832030771263,0.3256167969228737,0,0,1,0,0,0,1,0,0,0
1,0,0.5079674898093084,0.49203251019069166,0,0,1,0,0,0,0,0,0.3534894664804607,0.6465105335195394,1,0,1,0,0,0,1,0,0,0.2,0.2,0.2,0.2,0.2,1,0,0.6633486639156878,0.3366513360843122,0,0,1,0,0,0,0,0,1,0,1,0,0.7665670815260223,0.23343291847397768,0,0,1,0,0,0,0,0,0,1,1,0,0,1,0.2,0.2,0.2,0.2,0.2,0,0,0,0,1,0,1,0.5,0.5,0.2,0.2,0.2,0.2,0.2,0.2,0.2,0.2,0.2,0.2,0,1,0.5,0.5,0.2,0.2,0.2,0.2,0.2,0.2,0.2,0.2,0.2,0.2,0,1,0.5,0.5,0.2,0.2,0.2,0.2,0.2,0.2,0.2,0.2,0.2,0.2,0,1,0.5,0.5,0.2,0.2,0.2,0.2,0.2,0.2,0.2,0.2,0.2,0.2,0,1,0.5,0.5,0.2,0.2,0.2,0.2,0.2,0.2,0.2,0.2,0.2,0.2
0,1,0.5,0.5,0.2,0.2,0.2,0.2,0.2,0.2,0.2,0.2,0.2,0.2,0,1,0.5,0.5,0.2,0.2,0.2,0.2,0.2,0.2,0.2,0.2,0.2,0.2,0,1,0.5,0.5,0.2,0.2,0.2,0.2,0.2,0.2,0.2,0.2,0.2,0.2,0,1,0.5,0.5,0.2,0.2,0.2,0.2,0.2,0.2,0.2,0.2,0.2,0.2,0,1,0.5,0.5,0.2,0.2,0.2,0.2,0.2,0.2,0.2,0.2,0.2,0.2,1,0,0,1,0.2,0.2,0.2,0.2,0.2,0.37042092851696456,0.6295790714830355,0,0,0,1,0,1,0,0,0,1,0,0,0.2,0.2,0.2,0.2,0.2,1,0,0.8188155019642719,0.18118449803572817,0,0,1,0,0,0,1,0,0,0,1,0,0.5664089199495052,0.43359108005049485,0,0,1,0,0,1,0,0,0,0,1,0,0.7841946323741817,0.21580536762581834,0,0,1,0,0,0,1,0,0,0
0,1,0.5,0.5,0.2,0.2,0.2,0.2,0.2,0.2,0.2,0.2,0.2,0.2,0,1,0.5,0.5,0.2,0.2,0.2,0.2,0.2,0.2,0.2,0.2,0.2,0.2,0,1,0.5,0.5,0.2,0.2,0.2,0.2,0.2,0.2,0.2,0.2,0.2,0.2,0,1,0.5,0.5,0.2,0.2,0.2,0.2,0.2,0.2,0.2,0.2,0.2,0.2,0,1,0.5,0.5,0.2,0.2,0.2,0.2,0.2,0.2,0.2,0.2,0.2,0.2,1,0,0.28290925992990285,0.7170907400700972,0,0,1,0,0,1,0,0,0,0,1,0,1,0,0,0,1,0,0,0.2,0.2,0.2,0.2,0.2,1,0,0.8814807081380528,0.11851929186194719,0,0,1,0,0,0,1,0,0,0,1,0,0.37384548256273153,0.6261545174372685,0,0,1,0,0,0.5042704332204123,0.4957295667795877,0,0,0,1,0,0.9133322049242536,0.08666779507574647,0,0,1,0,0,1,0,0,0,0
0,1,0.5,0.5,0.2,0.2,0.2,0.2,0.2,0.2,0.2,0.2,0.2,0.2,0,1,0.5,0.5,0.2,0.2,0.2,0.2,0.2,0.2,0.2,0.2,0.2,0.2,0,1,0.5,0.5,0.2,0.2,0.2,0.2,0.2,0.2,0.2,0.2,0.2,0.2,0,1,0.5,0.5,0.2,0.2,0.2,0.2,0.2,0.2,0.2,0.2,0.2,0.2,0,1,0.5,0.5,0.2,0.2,0.2,0.2,0.2,0.2,0.2,0.2,0.2,0.2,1,0,0,1,0.2,0.2,0.2,0.2,0.2,0,1,0,0,0,1,0,0.7289326041045477,0.2710673958954523,0,0,1,0,0,1,0,0,0,0,1,0,1,0,0,0,1,0,0,0.2,0.2,0.2,0.2,0.2,1,0,0.561700462018777,0.43829953798122295,0,0,1,0,0,0.7521400823355946,0.24785991766440543,0,0,0,1,0,0.7505632068574413,0.24943679314255876,0,0,1,0,0,0.2531283019580248,0.7468716980419752,0,0,0
0,1,0.5,0.5,0.2,0.2,0.2,0.2,0.2,0.2,0.2,0.2,0.2,0.2,0,1,0.5,0.5,0.2,0.2,0.2,0.2,0.2,0.2,0.2,0.2,0.2,0.2,0,1,0.5,0.5,0.2,0.2,0.2,0.2,0.2,0.2,0.2,0.2,0.2,0.2,0,1,0.5,0.5,0.2,0.2,0.2,0.2,0.2,0.2,0.2,0.2,0.2,0.2,0,1,0.5,0.5,0.2,0.2,0.2,0.2,0.2,0.2,0.2,0.2,0.2,0.2,1,0,0.21301672840611344,0.7869832715938867,0,0,1,0,0,0.5533267693983128,0.44667323060168734,0,0,0,1,0,1,0,0,0,1,0,0,0.2,0.2,0.2,0.2,0.2,1,0,1,0,0,0,1,0,0,0.2,0.2,0.2,0.2,0.2,1,0,0.2326912536009467,0.7673087463990533,0,0,1,0,0,0.5413868399209747,0.45861316007902536,0,0,0,1,0,0.9878994984439251,0.012100501556074936,0,0,1,0,0,1,0,0,0,0
1,0,0.5713799523971292,0.42862004760287076,0,0,1,0,0,0,0,0,0,1,1,0,0.9839283091915474,0.01607169080845258,0,0,1,0,0,0,0,0,1,0,1,0,0.43818804835789854,0.5618119516421015,0,0,1,0,0,0,0,0,1,0,1,0,1,0,0,0,1,0,0,0.2,0.2,0.2,0.2,0.2,1,0,0.31864816271479857,0.6813518372852014,0,0,1,0,0,0,0,0,0,1,0,1,0.5,0.5,0.2,0.2,0.2,0.2,0.2,0.2,0.2,0.2,0.2,0.2,0,1,0.5,0.5,0.2,0.2,0.2,0.2,0.2,0.2,0.2,0.2,0.2,0.2,0,1,0.5,0.5,0.2,0.2,0.2,0.2,0.2,0.2,0.2,0.2,0.2,0.2,0,1,0.5,0.5,0.2,0.2,0.2,0.2,0.2,0.2,0.2,0.2,0.2,0.2,0,1,0.5,0.5,0.2,0.2,0.2,0.2,0.2,0.2,0.2,0.2,0.2,0.2
1,0,0.5091547457266391,0.49084525427336095,0,0,1,0,0,0,0,0,0.5331204003756976,0.4668795996243024,1,0,1,0,0,0,1,0,0,0.2,0.2,0.2,0.2,0.2,1,0,0.6575305204881133,0.3424694795118867,0,0,1,0,0,0,0,0,0,1,1,0,0.775434887552547,0.22456511244745309,0,0,1,0,0,0,0,0,0.5081134984048223,0.49188650159517766,1,0,0,1,0.2,0.2,0.2,0.2,0.2,0,0,0,1,0,0,1,0.5,0.5,0.2,0.2,0.2,0.2,0.2,0.2,0.2,0.2,0.2,0.2,0,1,0.5,0.5,0.2,0.2,0.2,0.2,0.2,0.2,0.2,0.2,0.2,0.2,0,1,0.5,0.5,0.2,0.2,0.2,0.2,0.2,0.2,0.2,0.2,0.2,0.2,0,1,0.5,0.5,0.2,0.2,0.2,0.2,0.2,0.2,0.2,0.2,0.2,0.2,0,1,0.5,0.5,0.2,0.2,0.2,0.2,0.2,0.2,0.2,0.2,0.2,0.2
0,1,0.5,0.5,0.2,0.2,0.2,0.2,0.2,0.2,0.2,0.2,0.2,0.2,0,1,0.5,0.5,0.2,0.2,0.2,0.2,0.2,0.2,0.2,0.2,0.2,0.2,0,1,0.5,0.5,0.2,0.2,0.2,0.2,0.2,0.2,0.2,0.2,0.2,0.2,0,1,0.5,0.5,0.2,0.2,0.2,0.2,0.2,0.2,0.2,0.2,0.2,0.2,0,1,0.5,0.5,0.2,0.2,0.2,0.2,0.2,0.2,0.2,0.2,0.2,0.2,1,0,0,1,0.2,0.2,0.2,0.2,0.2,0.534871330353648,0.4651286696463521,0,0,0,1,0,0.2545937253352754,0.7454062746647248,0,0,1,0,0,0,1,0,0,0,1,0,1,0,0,0,1,0,0,0.2,0.2,0.2,0.2,0.2,1,0,1,0,0,0,1,0,0,0.2,0.2,0.2,0.2,0.2,1,0,0.43979607243899327,0.5602039275610069,0,0,1,0,0,0.7873482999888579,0.21265170001114211,0,0,0
1,0,0.43927009590370497,0.5607299040962951,0,0,1,0,0,0,0,0,0.43269620837323197,0.567303791626768,1,0,1,0,0,0,1,0,0,0.2,0.2,0.2,0.2,0.2,1,0,1,0,0,0,1,0,0,0.2,0.2,0.2,0.2,0.2,1,0,0.25345516118091344,0.7465448388190867,0,0,1,0,0,0,0,0,0.6873156087406206,0.31268439125937947,1,0,0,1,0.2,0.2,0.2,0.2,0.2,0,0,0,0,1,0,1,0.5,0.5,0.2,0.2,0.2,0.2,0.2,0.2,0.2,0.2,0.2,0.2,0,1,0.5,0.5,0.2,0.2,0.2,0.2,0.2,0.2,0.2,0.2,0.2,0.2,0,1,0.5,0.5,0.2,0.2,0.2,0.2,0.2,0.2,0.2,0.2,0.2,0.2,0,1,0.5,0.5,0.2,0.2,0.2,0.2,0.2,0.2,0.2,0.2,0.2,0.2,0,1,0.5,0.5,0.2,0.2,0.2,0.2,0.2,0.2,0.2,0.2,0.2,0.2
1,0,0.6101654892014904,0.38983451079850967,0,0,1,0,0,0,0,0,0.40711269597193694,0.592887304028063,1,0,0.946994712892236,0.053005287107763935,0,0,1,0,0,0,0,0,1,0,1,0,0.39956857312543753,0.6004314268745625,0,0,1,0,0,0,0,0,0.40969965587757795,0.5903003441224222,1,0,1,0,0,0,1,0,0,0.2,0.2,0.2,0.2,0.2,1,0,0.5663504734453416,0.4336495265546583,0,0,1,0,0,0,0,0,0.46700767792910014,0.5329923220708999,0,1,0.5,0.5,0.2,0.2,0.2,0.2,0.2,0.2,0.2,0.2,0.2,0.2,0,1,0.5,0.5,0.2,0.2,0.2,0.2,0.2,0.2,0.2,0.2,0.2,0.2,0,1,0.5,0.5,0.2,0.2,0.2,0.2,0.2,0.2,0.2,0.2,0.2,0.2,0,1,0.5,0.5,0.2,0.2,0.2,0.2,0.2,0.2,0.2,0.2,0.2,0.2,0,1,0.5,0.5,0.2,0.2,0.2,0.2,0.2,0.2,0.2,0.2,0.2,0.2
0,1,0.5,0.5,0.2,0.2,0.2,0.2,0.2,0.2,0.2,0.2,0.2,0.2,0,1,0.5,0.5,0.2,0.2,0.2,0.2,0.2,0.2,0.2,0.2,0.2,0.2,0,1,0.5,0.5,0.2,0.2,0.2,0.2,0.2,0.2,0.2,0.2,0.2,0.2,0,1,0.5,0.5,0.2,0.2,0.2,0.2,0.2,0.2,0.2,0.2,0.2,0.2,0,1,0.5,0.5,0.2,0.2,0.2,0.2,0.2,0.2,0.2,0.2,0.2,0.2,1,0,0.21301672840611344,0.7869832715938867,0,0,1,0,0,0.573357210957048,0.42664278904295216,0,0,0,1,0,1,0,0,0,1,0,0,0.2,0.2,0.2,0.2,0.2,1,0,1,0,0,0,1,0,0,0.2,0.2,0.2,0.2,0.2,1,0,0.2326912536009467,0.7673087463990533,0,0,1,0,0,0.5392535511468731,0.4607464488531268,0,0,0,1,0,0.9878994984439251,0.012100501556074936,0,0,1,0,0,1,0,0,0,0
1,0,0.2631608251612028,0.7368391748387972,0,0,1,0,0,0,0,0,0.4674102367611817,0.5325897632388183,1,0,1,0,0,0,1,0,0,0.2,0.2,0.2,0.2,0.2,1,0,1,0,0,0,1,0,0,0.2,0.2,0.2,0.2,0.2,1,0,0.798117678286003,0.2018823217139971,0,0,1,0,0,0,0,0,0,1,1,0,0,1,0.2,0.2,0.2,0.2,0.2,0,0,0,0.5831893546137882,0.41681064538621193,0,1,0.5,0.5,0.2,0.2,0.2,0.2,0.2,0.2,0.2,0.2,0.2,0.2,0,1,0.5,0.5,0.2,0.2,0.2,0.2,0.2,0.2,0.2,0.2,0.2,0.2,0,1,0.5,0.5,0.2,0.2,0.2,0.2,0.2,0.2,0.2,0.2,0.2,0.2,0,1,0.5,0.5,0.2,0.2,0.2,0.2,0.2,0.2,0.2,0.2,0.2,0.2,0,1,0.5,0.5,0.2,0.2,0.2,0.2,0.2,0.2,0.2,0.2,0.2,0.2
0,1,0.5,0.5,0.2,0.2,0.2,0.2,0.2,0.2,0.2,0.2,0.2,0.2,0,1,0.5,0.5,0.2,0.2,0.2,0.2,0.2,0.2,0.2,0.2,0.2,0.2,0,1,0.5,0.5,0.2,0.2,0.2,0.2,0.2,0.2,0.2,0.2,0.2,0.2,0,1,0.5,0.5,0.2,0.2,0.2,0.2,0.2,0.2,0.2,0.2,0.2,0.2,0,1,0.5,0.5,0.2,0.2,0.2,0.2,0.2,0.2,0.2,0.2,0.2,0.2,1,0,0,1,0.2,0.2,0.2,0.2,0.2,0,1,0,0,0,1,0,0.6325201796005838,0.3674798203994162,0,0,1,0,0,0.6800651657307575,0.31993483426924246,0,0,0,1,0,1,0,0,0,1,0,0,0.2,0.2,0.2,0.2,0.2,1,0,0.6507876589725224,0.3492123410274776,0,0,1,0,0,1,0,0,0,0,1,0,0.6873977902608275,0.3126022097391727,0,0,1,0,0,0.15763871977105232,0.8423612802289477,0,0,0
1,0,0.6818957993276578,0.31810420067234224,0,0,1,0,0,0,0,0,0,1,1,0,0.6577811029486951,0.3422188970513049,0,0,1,0,0,0,0,0,1,0,1,0,1,0,0,0,1,0,0,0.2,0.2,0.2,0.2,0.2,1,0,0.6238330250847614,0.37616697491523865,0,0,1,0,0,0,0,0,0.37944334819244335,0.6205566518075568,1,0,0,1,0.2,0.2,0.2,0.2,0.2,0,0,0,0,1,0,1,0.5,0.5,0.2,0.2,0.2,0.2,0.2,0.2,0.2,0.2,0.2,0.2,0,1,0.5,0.5,0.2,0.2,0.2,0.2,0.2,0.2,0.2,0.2,0.2,0.2,0,1,0.5,0.5,0.2,0.2,0.2,0.2,0.2,0.2,0.2,0.2,0.2,0.2,0,1,0.5,0.5,0.2,0.2,0.2,0.2,0.2,0.2,0.2,0.2,0.2,0.2,0,1,0.5,0.5,0.2,0.2,0.2,0.2,0.2,0.2,0.2,0.2,0.2,0.2
1,0,1,0,0,0,0,1,0,0.2,0.2,0.2,0.2,0.2,1,0,1,0,0,0,0,1,0,0.2,0.2,0.2,0.2,0.2,1,0,0.7391997377922812,0.2608002622077188,0,0,1,0,0,0,0,0,0.22694953680126426,0.7730504631987358,1,0,1,0,0,0,1,0,0,0.2,0.2,0.2,0.2,0.2,1,0,0.27115667450013947,0.7288433254998605,0,0,1,0,0,0,0,0,0.3572262018042861,0.642773798195714,0,1,0.5,0.5,0.2,0.2,0.2,0.2,0.2,0.2,0.2,0.2,0.2,0.2,0,1,0.5,0.5,0.2,0.2,0.2,0.2,0.2,0.2,0.2,0.2,0.2,0.2,0,1,0.5,0.5,0.2,0.2,0.2,0.2,0.2,0.2,0.2,0.2,0.2,0.2,0,1,0.5,0.5,0.2,0.2,0.2,0.2,0.2,0.2,0.2,0.2,0.2,0.2,0,1,0.5,0.5,0.2,0.2,0.2,0.2,0.2,0.2,0.2,0.2,0.2,0.2
1,0,0.5504157686920625,0.4495842313079375,0,0,1,0,0,0,0,0,0.5779483323614709,0.42205166763852914,1,0,0.9439089220963692,0.056091077903630784,0,0,1,0,0,0,0,0,0,1,1,0,0.6502107610152535,0.34978923898474656,0,0,1,0,0,0,0,0,0,1,1,0,0.8472978508475731,0.15270214915242697,0,0,1,0,0,0,0,0,1,0,1,0,0,1,0.2,0.2,0.2,0.2,0.2,0,0,0,0.9032659831432446,0.09673401685675548,0,1,0.5,0.5,0.2,0.2,0.2,0.2,0.2,0.2,0.2,0.2,0.2,0.2,0,1,0.5,0.5,0.2,0.2,0.2,0.2,0.2,0.2,0.2,0.2,0.2,0.2,0,1,0.5,0.5,0.2,0.2,0.2,0.2,0.2,0.2,0.2,0.2,0.2,0.2,0,1,0.5,0.5,0.2,0.2,0.2,0.2,0.2,0.2,0.2,0.2,0.2,0.2,0,1,0.5,0.5,0.2,0.2,0.2,0.2,0.2,0.2,0.2,0.2,0.2,0.2
