"OptionSetName","Equilibrium Number","Information Set Number","Player Index","Player","Decision Index","Decision Code","Decision","Information Set Labels","Information Set Contents","Equilibrium Reach Probability","Off Path","Conditional Information-Set Utility","Best Action Utility","Action","Action Label","Equilibrium Action Probability","Conditional Action Utility","Utility Loss from Best Action","Is Best Action"
"Specification-MandatoryFilingAnsweringNoExit__Cost-2__Fee-American","1","0","0","P","3","14","P Offer","P Liability Signal: 1","1","0.080450000000000008","false","9.9717233778000942","9.9717233778000942","1","0.05","0","9.8717204007000952","0.10000297709999906","false"
"Specification-MandatoryFilingAnsweringNoExit__Cost-2__Fee-American","1","0","0","P","3","14","P Offer","P Liability Signal: 1","1","0.080450000000000008","false","9.9717233778000942","9.9717233778000942","2","0.15","0","9.9217268661480471","0.049996511652047104","false"
"Specification-MandatoryFilingAnsweringNoExit__Cost-2__Fee-American","1","0","0","P","3","14","P Offer","P Liability Signal: 1","1","0.080450000000000008","false","9.9717233778000942","9.9717233778000942","3","0.25","1","9.9717233778000942","0","true"
"Specification-MandatoryFilingAnsweringNoExit__Cost-2__Fee-American","1","0","0","P","3","14","P Offer","P Liability Signal: 1","1","0.080450000000000008","false","9.9717233778000942","9.9717233778000942","4","0.35","0","9.5403819061889941","0.43134147161110015","false"
"Specification-MandatoryFilingAnsweringNoExit__Cost-2__Fee-American","1","0","0","P","3","14","P Offer","P Liability Signal: 1","1","0.080450000000000008","false","9.9717233778000942","9.9717233778000942","5","0.45","0","9.5447255121881938","0.42699786561190045","false"
"Specification-MandatoryFilingAnsweringNoExit__Cost-2__Fee-American","1","0","0","P","3","14","P Offer","P Liability Signal: 1","1","0.080450000000000008","false","9.9717233778000942","9.9717233778000942","6","0.55","0","9.549070164839442","0.42265321296065217","false"
"Specification-MandatoryFilingAnsweringNoExit__Cost-2__Fee-American","1","0","0","P","3","14","P Offer","P Liability Signal: 1","1","0.080450000000000008","false","9.9717233778000942","9.9717233778000942","7","0.65","0","9.5534137708386417","0.41830960696145247","false"
"Specification-MandatoryFilingAnsweringNoExit__Cost-2__Fee-American","1","0","0","P","3","14","P Offer","P Liability Signal: 1","1","0.080450000000000008","false","9.9717233778000942","9.9717233778000942","8","0.75","0","9.55775842348989","0.41396495431020419","false"
"Specification-MandatoryFilingAnsweringNoExit__Cost-2__Fee-American","1","0","0","P","3","14","P Offer","P Liability Signal: 1","1","0.080450000000000008","false","9.9717233778000942","9.9717233778000942","9","0.85","0","9.4868821065308602","0.48484127126923404","false"
"Specification-MandatoryFilingAnsweringNoExit__Cost-2__Fee-American","1","0","0","P","3","14","P Offer","P Liability Signal: 1","1","0.080450000000000008","false","9.9717233778000942","9.9717233778000942","10","0.95","0","9.4868821065308602","0.48484127126923404","false"
"Specification-MandatoryFilingAnsweringNoExit__Cost-2__Fee-American","1","11","0","P","3","14","P Offer","P Liability Signal: 2","2","0.097680000000000017","false","9.9822584376051822","9.9822584376051822","1","0.05","0","9.8822554605051813","0.10000297710000083","false"
"Specification-MandatoryFilingAnsweringNoExit__Cost-2__Fee-American","1","11","0","P","3","14","P Offer","P Liability Signal: 2","2","0.097680000000000017","false","9.9822584376051822","9.9822584376051822","2","0.15","0","9.9322614182883395","0.049997019316842639","false"
"Specification-MandatoryFilingAnsweringNoExit__Cost-2__Fee-American","1","11","0","P","3","14","P Offer","P Liability Signal: 2","2","0.097680000000000017","false","9.9822584376051822","9.9822584376051822","3","0.25","1","9.9822584376051822","0","true"
"Specification-MandatoryFilingAnsweringNoExit__Cost-2__Fee-American","1","11","0","P","3","14","P Offer","P Liability Signal: 2","2","0.097680000000000017","false","9.9822584376051822","9.9822584376051822","4","0.35","0","9.5978896033821854","0.38436883422299672","false"
"Specification-MandatoryFilingAnsweringNoExit__Cost-2__Fee-American","1","11","0","P","3","14","P Offer","P Liability Signal: 2","2","0.097680000000000017","false","9.9822584376051822","9.9822584376051822","5","0.45","0","9.6043400182764849","0.3779184193286973","false"
"Specification-MandatoryFilingAnsweringNoExit__Cost-2__Fee-American","1","11","0","P","3","14","P Offer","P Liability Signal: 2","2","0.097680000000000017","false","9.9822584376051822","9.9822584376051822","6","0.55","0","9.6107919874876266","0.37146645011755552","false"
"Specification-MandatoryFilingAnsweringNoExit__Cost-2__Fee-American","1","11","0","P","3","14","P Offer","P Liability Signal: 2","2","0.097680000000000017","false","9.9822584376051822","9.9822584376051822","7","0.65","0","9.6172424023819278","0.36501603522325432","false"
"Specification-MandatoryFilingAnsweringNoExit__Cost-2__Fee-American","1","11","0","P","3","14","P Offer","P Liability Signal: 2","2","0.097680000000000017","false","9.9822584376051822","9.9822584376051822","8","0.75","0","9.6236943715930678","0.35856406601211432","false"
"Specification-MandatoryFilingAnsweringNoExit__Cost-2__Fee-American","1","11","0","P","3","14","P Offer","P Liability Signal: 2","2","0.097680000000000017","false","9.9822584376051822","9.9822584376051822","9","0.85","0","9.5290253853550091","0.45323305225017307","false"
"Specification-MandatoryFilingAnsweringNoExit__Cost-2__Fee-American","1","11","0","P","3","14","P Offer","P Liability Signal: 2","2","0.097680000000000017","false","9.9822584376051822","9.9822584376051822","10","0.95","0","9.5290253853550091","0.45323305225017307","false"
"Specification-MandatoryFilingAnsweringNoExit__Cost-2__Fee-American","1","12","0","P","3","14","P Offer","P Liability Signal: 3","3","0.10618","false","9.9992210338979017","9.9992210338979017","1","0.05","0","9.8992180567979045","0.10000297709999728","false"
"Specification-MandatoryFilingAnsweringNoExit__Cost-2__Fee-American","1","12","0","P","3","14","P Offer","P Liability Signal: 3","3","0.10618","false","9.9992210338979017","9.9992210338979017","2","0.15","0","9.9492231971853275","0.049997836712574184","false"
"Specification-MandatoryFilingAnsweringNoExit__Cost-2__Fee-American","1","12","0","P","3","14","P Offer","P Liability Signal: 3","3","0.10618","false","9.9992210338979017","9.9992210338979017","3","0.25","1","9.9992210338979017","0","true"
"Specification-MandatoryFilingAnsweringNoExit__Cost-2__Fee-American","1","12","0","P","3","14","P Offer","P Liability Signal: 3","3","0.10618","false","9.9992210338979017","9.9992210338979017","4","0.35","0","9.6830874684878925","0.31613356541000925","false"
"Specification-MandatoryFilingAnsweringNoExit__Cost-2__Fee-American","1","12","0","P","3","14","P Offer","P Liability Signal: 3","3","0.10618","false","9.9992210338979017","9.9992210338979017","5","0.45","0","9.6929300756824421","0.3062909582154596","false"
"Specification-MandatoryFilingAnsweringNoExit__Cost-2__Fee-American","1","12","0","P","3","14","P Offer","P Liability Signal: 3","3","0.10618","false","9.9992210338979017","9.9992210338979017","6","0.55","0","9.7027750545895692","0.2964459793083325","false"
"Specification-MandatoryFilingAnsweringNoExit__Cost-2__Fee-American","1","12","0","P","3","14","P Offer","P Liability Signal: 3","3","0.10618","false","9.9992210338979017","9.9992210338979017","7","0.65","0","9.7126176617841189","0.28660337211378284","false"
"Specification-MandatoryFilingAnsweringNoExit__Cost-2__Fee-American","1","12","0","P","3","14","P Offer","P Liability Signal: 3","3","0.10618","false","9.9992210338979017","9.9992210338979017","8","0.75","0","9.7224626406912442","0.27675839320665752","false"
"Specification-MandatoryFilingAnsweringNoExit__Cost-2__Fee-American","1","12","0","P","3","14","P Offer","P Liability Signal: 3","3","0.10618","false","9.9992210338979017","9.9992210338979017","9","0.85","0","9.5968730846249457","0.40234794927295603","false"
"Specification-MandatoryFilingAnsweringNoExit__Cost-2__Fee-American","1","12","0","P","3","14","P Offer","P Liability Signal: 3","3","0.10618","false","9.9992210338979017","9.9992210338979017","10","0.95","0","9.5968730846249457","0.40234794927295603","false"
"Specification-MandatoryFilingAnsweringNoExit__Cost-2__Fee-American","1","13","0","P","3","14","P Offer","P Liability Signal: 4","4","0.1081","false","10.024378676712001","10.024378676712001","1","0.05","0","9.9243756996119998","0.10000297710000083","false"
"Specification-MandatoryFilingAnsweringNoExit__Cost-2__Fee-American","1","13","0","P","3","14","P Offer","P Liability Signal: 4","4","0.1081","false","10.024378676712001","10.024378676712001","2","0.15","0","9.9743796276997507","0.049999049012249941","false"
"Specification-MandatoryFilingAnsweringNoExit__Cost-2__Fee-American","1","13","0","P","3","14","P Offer","P Liability Signal: 4","4","0.1081","false","10.024378676712001","10.024378676712001","3","0.25","1","10.024378676712001","0","true"
"Specification-MandatoryFilingAnsweringNoExit__Cost-2__Fee-American","1","13","0","P","3","14","P Offer","P Liability Signal: 4","4","0.1081","false","10.024378676712001","10.024378676712001","4","0.35","0","9.7969498876995758","0.22742878901242491","false"
"Specification-MandatoryFilingAnsweringNoExit__Cost-2__Fee-American","1","13","0","P","3","14","P Offer","P Liability Signal: 4","4","0.1081","false","10.024378676712001","10.024378676712001","5","0.45","0","9.8118235385370749","0.21255513817492577","false"
"Specification-MandatoryFilingAnsweringNoExit__Cost-2__Fee-American","1","13","0","P","3","14","P Offer","P Liability Signal: 4","4","0.1081","false","10.024378676712001","10.024378676712001","6","0.55","0","9.8267007733868255","0.19767790332517521","false"
"Specification-MandatoryFilingAnsweringNoExit__Cost-2__Fee-American","1","13","0","P","3","14","P Offer","P Liability Signal: 4","4","0.1081","false","10.024378676712001","10.024378676712001","7","0.65","0","9.8415744242243246","0.18280425248767607","false"
"Specification-MandatoryFilingAnsweringNoExit__Cost-2__Fee-American","1","13","0","P","3","14","P Offer","P Liability Signal: 4","4","0.1081","false","10.024378676712001","10.024378676712001","8","0.75","0","9.8564516590740752","0.1679270176379255","false"
"Specification-MandatoryFilingAnsweringNoExit__Cost-2__Fee-American","1","13","0","P","3","14","P Offer","P Liability Signal: 4","4","0.1081","false","10.024378676712001","10.024378676712001","9","0.85","0","9.6975011953816264","0.32687748133037431","false"
"Specification-MandatoryFilingAnsweringNoExit__Cost-2__Fee-American","1","13","0","P","3","14","P Offer","P Liability Signal: 4","4","0.1081","false","10.024378676712001","10.024378676712001","10","0.95","0","9.6975011953816264","0.32687748133037431","false"
"Specification-MandatoryFilingAnsweringNoExit__Cost-2__Fee-American","1","14","0","P","3","14","P Offer","P Liability Signal: 5","5","0.1076","false","10.057078862343358","10.057078862343358","1","0.05","0","9.9570758852433592","0.10000297709999906","false"
"Specification-MandatoryFilingAnsweringNoExit__Cost-2__Fee-American","1","14","0","P","3","14","P Offer","P Liability Signal: 5","5","0.1076","false","10.057078862343358","10.057078862343358","2","0.15","0","10.007078237570429","0.050000624772929214","false"
"Specification-MandatoryFilingAnsweringNoExit__Cost-2__Fee-American","1","14","0","P","3","14","P Offer","P Liability Signal: 5","5","0.1076","false","10.057078862343358","10.057078862343358","3","0.25","1","10.057078862343358","0","true"
"Specification-MandatoryFilingAnsweringNoExit__Cost-2__Fee-American","1","14","0","P","3","14","P Offer","P Liability Signal: 5","5","0.1076","false","10.057078862343358","10.057078862343358","4","0.35","0","9.9270319890261405","0.13004687331721776","false"
"Specification-MandatoryFilingAnsweringNoExit__Cost-2__Fee-American","1","14","0","P","3","14","P Offer","P Liability Signal: 5","5","0.1076","false","10.057078862343358","10.057078862343358","5","0.45","0","9.9484450466856416","0.10863381565771668","false"
"Specification-MandatoryFilingAnsweringNoExit__Cost-2__Fee-American","1","14","0","P","3","14","P Offer","P Liability Signal: 5","5","0.1076","false","10.057078862343358","10.057078862343358","6","0.55","0","9.9698632641180716","0.087215598225286683","false"
"Specification-MandatoryFilingAnsweringNoExit__Cost-2__Fee-American","1","14","0","P","3","14","P Offer","P Liability Signal: 5","5","0.1076","false","10.057078862343358","10.057078862343358","7","0.65","0","9.9912763217775709","0.065802540565787382","false"
"Specification-MandatoryFilingAnsweringNoExit__Cost-2__Fee-American","1","14","0","P","3","14","P Offer","P Liability Signal: 5","5","0.1076","false","10.057078862343358","10.057078862343358","8","0.75","0","10.012694539210003","0.044384323133355608","false"
"Specification-MandatoryFilingAnsweringNoExit__Cost-2__Fee-American","1","14","0","P","3","14","P Offer","P Liability Signal: 5","5","0.1076","false","10.057078862343358","10.057078862343358","9","0.85","0","9.8283008084914396","0.22877805385191863","false"
"Specification-MandatoryFilingAnsweringNoExit__Cost-2__Fee-American","1","14","0","P","3","14","P Offer","P Liability Signal: 5","5","0.1076","false","10.057078862343358","10.057078862343358","10","0.95","0","9.8283008084914396","0.22877805385191863","false"
"Specification-MandatoryFilingAnsweringNoExit__Cost-2__Fee-American","1","15","0","P","3","14","P Offer","P Liability Signal: 6","6","0.10759999999999999","false","10.163276367428228","10.163276367428228","1","0.05","0","9.9929285887708321","0.17034777865739592","false"
"Specification-MandatoryFilingAnsweringNoExit__Cost-2__Fee-American","1","15","0","P","3","14","P Offer","P Liability Signal: 6","6","0.10759999999999999","false","10.163276367428228","10.163276367428228","2","0.15","0","10.042929213423292","0.12034715400493567","false"
"Specification-MandatoryFilingAnsweringNoExit__Cost-2__Fee-American","1","15","0","P","3","14","P Offer","P Liability Signal: 6","6","0.10759999999999999","false","10.163276367428228","10.163276367428228","3","0.25","0","10.092931565870835","0.070344801557393311","false"
"Specification-MandatoryFilingAnsweringNoExit__Cost-2__Fee-American","1","15","0","P","3","14","P Offer","P Liability Signal: 6","6","0.10759999999999999","false","10.163276367428228","10.163276367428228","4","0.35","0","10.048930963352547","0.1143454040756815","false"
"Specification-MandatoryFilingAnsweringNoExit__Cost-2__Fee-American","1","15","0","P","3","14","P Offer","P Liability Signal: 6","6","0.10759999999999999","false","10.163276367428228","10.163276367428228","5","0.45","0","10.077513870647696","0.08576249678053216","false"
"Specification-MandatoryFilingAnsweringNoExit__Cost-2__Fee-American","1","15","0","P","3","14","P Offer","P Liability Signal: 6","6","0.10759999999999999","false","10.163276367428228","10.163276367428228","6","0.55","0","10.106103665390386","0.057172702037842527","false"
"Specification-MandatoryFilingAnsweringNoExit__Cost-2__Fee-American","1","15","0","P","3","14","P Offer","P Liability Signal: 6","6","0.10759999999999999","false","10.163276367428228","10.163276367428228","7","0.65","0","10.134686572685537","0.02858979474269141","false"
"Specification-MandatoryFilingAnsweringNoExit__Cost-2__Fee-American","1","15","0","P","3","14","P Offer","P Liability Signal: 6","6","0.10759999999999999","false","10.163276367428228","10.163276367428228","8","0.75","1","10.163276367428228","0","true"
"Specification-MandatoryFilingAnsweringNoExit__Cost-2__Fee-American","1","15","0","P","3","14","P Offer","P Liability Signal: 6","6","0.10759999999999999","false","10.163276367428228","10.163276367428228","9","0.85","0","9.9717111045760305","0.19156526285219755","false"
"Specification-MandatoryFilingAnsweringNoExit__Cost-2__Fee-American","1","15","0","P","3","14","P Offer","P Liability Signal: 6","6","0.10759999999999999","false","10.163276367428228","10.163276367428228","10","0.95","0","9.9717111045760305","0.19156526285219755","false"
"Specification-MandatoryFilingAnsweringNoExit__Cost-2__Fee-American","1","16","0","P","3","14","P Offer","P Liability Signal: 7","7","0.10809999999999999","false","10.281696968958407","10.281696968958407","1","0.05","0","10.025623774373809","0.25607319458459799","false"
"Specification-MandatoryFilingAnsweringNoExit__Cost-2__Fee-American","1","16","0","P","3","14","P Offer","P Liability Signal: 7","7","0.10809999999999999","false","10.281696968958407","10.281696968958407","2","0.15","0","10.07562282350653","0.2060741454518773","false"
"Specification-MandatoryFilingAnsweringNoExit__Cost-2__Fee-American","1","16","0","P","3","14","P Offer","P Liability Signal: 7","7","0.10809999999999999","false","10.281696968958407","10.281696968958407","3","0.25","0","10.125626751473812","0.15607021748459537","false"
"Specification-MandatoryFilingAnsweringNoExit__Cost-2__Fee-American","1","16","0","P","3","14","P Offer","P Liability Signal: 7","7","0.10809999999999999","false","10.281696968958407","10.281696968958407","4","0.35","0","10.14119478619245","0.14050218276595672","false"
"Specification-MandatoryFilingAnsweringNoExit__Cost-2__Fee-American","1","16","0","P","3","14","P Offer","P Liability Signal: 7","7","0.10809999999999999","false","10.281696968958407","10.281696968958407","5","0.45","0","10.1763161004003","0.10538086855810747","false"
"Specification-MandatoryFilingAnsweringNoExit__Cost-2__Fee-American","1","16","0","P","3","14","P Offer","P Liability Signal: 7","7","0.10809999999999999","false","10.281696968958407","10.281696968958407","6","0.55","0","10.211445877575427","0.070251091382980135","false"
"Specification-MandatoryFilingAnsweringNoExit__Cost-2__Fee-American","1","16","0","P","3","14","P Offer","P Liability Signal: 7","7","0.10809999999999999","false","10.281696968958407","10.281696968958407","7","0.65","0","10.246567191783276","0.035129777175130883","false"
"Specification-MandatoryFilingAnsweringNoExit__Cost-2__Fee-American","1","16","0","P","3","14","P Offer","P Liability Signal: 7","7","0.10809999999999999","false","10.281696968958407","10.281696968958407","8","0.75","1","10.281696968958407","0","true"
"Specification-MandatoryFilingAnsweringNoExit__Cost-2__Fee-American","1","16","0","P","3","14","P Offer","P Liability Signal: 7","7","0.10809999999999999","false","10.281696968958407","10.281696968958407","9","0.85","0","10.102496826656719","0.17920014230168846","false"
"Specification-MandatoryFilingAnsweringNoExit__Cost-2__Fee-American","1","16","0","P","3","14","P Offer","P Liability Signal: 7","7","0.10809999999999999","false","10.281696968958407","10.281696968958407","10","0.95","0","10.102496826656719","0.17920014230168846","false"
"Specification-MandatoryFilingAnsweringNoExit__Cost-2__Fee-American","1","17","0","P","3","14","P Offer","P Liability Signal: 8","8","0.10618","false","10.359037412700486","10.359037412700486","1","0.05","0","10.050783917202095","0.30825349549839132","false"
"Specification-MandatoryFilingAnsweringNoExit__Cost-2__Fee-American","1","17","0","P","3","14","P Offer","P Liability Signal: 8","8","0.10618","false","10.359037412700486","10.359037412700486","2","0.15","0","10.100781753914672","0.25825565878581358","false"
"Specification-MandatoryFilingAnsweringNoExit__Cost-2__Fee-American","1","17","0","P","3","14","P Offer","P Liability Signal: 8","8","0.10618","false","10.359037412700486","10.359037412700486","3","0.25","0","10.150786894302096","0.20825051839839048","false"
"Specification-MandatoryFilingAnsweringNoExit__Cost-2__Fee-American","1","17","0","P","3","14","P Offer","P Liability Signal: 8","8","0.10618","false","10.359037412700486","10.359037412700486","4","0.35","0","10.198406630703841","0.1606307819966446","false"
"Specification-MandatoryFilingAnsweringNoExit__Cost-2__Fee-American","1","17","0","P","3","14","P Offer","P Liability Signal: 8","8","0.10618","false","10.359037412700486","10.359037412700486","5","0.45","0","10.238559488509289","0.12047792419119752","false"
"Specification-MandatoryFilingAnsweringNoExit__Cost-2__Fee-American","1","17","0","P","3","14","P Offer","P Liability Signal: 8","8","0.10618","false","10.359037412700486","10.359037412700486","6","0.55","0","10.278722021702164","0.0803153909983223","false"
"Specification-MandatoryFilingAnsweringNoExit__Cost-2__Fee-American","1","17","0","P","3","14","P Offer","P Liability Signal: 8","8","0.10618","false","10.359037412700486","10.359037412700486","7","0.65","0","10.318874879507613","0.04016253319287344","false"
"Specification-MandatoryFilingAnsweringNoExit__Cost-2__Fee-American","1","17","0","P","3","14","P Offer","P Liability Signal: 8","8","0.10618","false","10.359037412700486","10.359037412700486","8","0.75","1","10.359037412700486","0","true"
"Specification-MandatoryFilingAnsweringNoExit__Cost-2__Fee-American","1","17","0","P","3","14","P Offer","P Liability Signal: 8","8","0.10618","false","10.359037412700486","10.359037412700486","9","0.85","0","10.203130914702534","0.15590649799795209","false"
"Specification-MandatoryFilingAnsweringNoExit__Cost-2__Fee-American","1","17","0","P","3","14","P Offer","P Liability Signal: 8","8","0.10618","false","10.359037412700486","10.359037412700486","10","0.95","0","10.203130914702534","0.15590649799795209","false"
"Specification-MandatoryFilingAnsweringNoExit__Cost-2__Fee-American","1","18","0","P","3","14","P Offer","P Liability Signal: 9","9","0.097680000000000003","false","10.402752056820205","10.402752056820205","1","0.05","0","10.067746513494816","0.3350055433253889","false"
"Specification-MandatoryFilingAnsweringNoExit__Cost-2__Fee-American","1","18","0","P","3","14","P Offer","P Liability Signal: 9","9","0.097680000000000003","false","10.402752056820205","10.402752056820205","2","0.15","0","10.117743532811659","0.28500852400854626","false"
"Specification-MandatoryFilingAnsweringNoExit__Cost-2__Fee-American","1","18","0","P","3","14","P Offer","P Liability Signal: 9","9","0.097680000000000003","false","10.402752056820205","10.402752056820205","3","0.25","0","10.167749490594817","0.23500256622538807","false"
"Specification-MandatoryFilingAnsweringNoExit__Cost-2__Fee-American","1","18","0","P","3","14","P Offer","P Liability Signal: 9","9","0.097680000000000003","false","10.402752056820205","10.402752056820205","4","0.35","0","10.228550870831089","0.17420118598911571","false"
"Specification-MandatoryFilingAnsweringNoExit__Cost-2__Fee-American","1","18","0","P","3","14","P Offer","P Liability Signal: 9","9","0.097680000000000003","false","10.402752056820205","10.402752056820205","5","0.45","0","10.272095920936787","0.1306561358834184","false"
"Specification-MandatoryFilingAnsweringNoExit__Cost-2__Fee-American","1","18","0","P","3","14","P Offer","P Liability Signal: 9","9","0.097680000000000003","false","10.402752056820205","10.402752056820205","6","0.55","0","10.315651463825645","0.087100592994559634","false"
"Specification-MandatoryFilingAnsweringNoExit__Cost-2__Fee-American","1","18","0","P","3","14","P Offer","P Liability Signal: 9","9","0.097680000000000003","false","10.402752056820205","10.402752056820205","7","0.65","0","10.359196513931346","0.043555542888858767","false"
"Specification-MandatoryFilingAnsweringNoExit__Cost-2__Fee-American","1","18","0","P","3","14","P Offer","P Liability Signal: 9","9","0.097680000000000003","false","10.402752056820205","10.402752056820205","8","0.75","1","10.402752056820205","0","true"
"Specification-MandatoryFilingAnsweringNoExit__Cost-2__Fee-American","1","18","0","P","3","14","P Offer","P Liability Signal: 9","9","0.097680000000000003","false","10.402752056820205","10.402752056820205","9","0.85","0","10.270978240753312","0.13177381606689309","false"
"Specification-MandatoryFilingAnsweringNoExit__Cost-2__Fee-American","1","18","0","P","3","14","P Offer","P Liability Signal: 9","9","0.097680000000000003","false","10.402752056820205","10.402752056820205","10","0.95","0","10.270978240753312","0.13177381606689309","false"
"Specification-MandatoryFilingAnsweringNoExit__Cost-2__Fee-American","1","19","0","P","3","14","P Offer","P Liability Signal: 10","10","0.080430000000000001","false","10.425319293762053","10.425319293762053","1","0.05","0","10.078284073314094","0.34703522044795854","false"
"Specification-MandatoryFilingAnsweringNoExit__Cost-2__Fee-American","1","19","0","P","3","14","P Offer","P Liability Signal: 10","10","0.080430000000000001","false","10.425319293762053","10.425319293762053","2","0.15","0","10.128280584845674","0.29703870891637862","false"
"Specification-MandatoryFilingAnsweringNoExit__Cost-2__Fee-American","1","19","0","P","3","14","P Offer","P Liability Signal: 10","10","0.080430000000000001","false","10.425319293762053","10.425319293762053","3","0.25","0","10.178287050414097","0.24703224334795593","false"
"Specification-MandatoryFilingAnsweringNoExit__Cost-2__Fee-American","1","19","0","P","3","14","P Offer","P Liability Signal: 10","10","0.080430000000000001","false","10.425319293762053","10.425319293762053","4","0.35","0","10.242687856803405","0.1826314369586477","false"
"Specification-MandatoryFilingAnsweringNoExit__Cost-2__Fee-American","1","19","0","P","3","14","P Offer","P Liability Signal: 10","10","0.080430000000000001","false","10.425319293762053","10.425319293762053","5","0.45","0","10.288340215758854","0.13697907800319875","false"
"Specification-MandatoryFilingAnsweringNoExit__Cost-2__Fee-American","1","19","0","P","3","14","P Offer","P Liability Signal: 10","10","0.080430000000000001","false","10.425319293762053","10.425319293762053","6","0.55","0","10.334003575282727","0.091315718479325625","false"
"Specification-MandatoryFilingAnsweringNoExit__Cost-2__Fee-American","1","19","0","P","3","14","P Offer","P Liability Signal: 10","10","0.080430000000000001","false","10.425319293762053","10.425319293762053","7","0.65","0","10.379655934238178","0.045663359523874902","false"
"Specification-MandatoryFilingAnsweringNoExit__Cost-2__Fee-American","1","19","0","P","3","14","P Offer","P Liability Signal: 10","10","0.080430000000000001","false","10.425319293762053","10.425319293762053","8","0.75","1","10.425319293762053","0","true"
"Specification-MandatoryFilingAnsweringNoExit__Cost-2__Fee-American","1","19","0","P","3","14","P Offer","P Liability Signal: 10","10","0.080430000000000001","false","10.425319293762053","10.425319293762053","9","0.85","0","10.313126108197382","0.11219318556467073","false"
"Specification-MandatoryFilingAnsweringNoExit__Cost-2__Fee-American","1","19","0","P","3","14","P Offer","P Liability Signal: 10","10","0.080430000000000001","false","10.425319293762053","10.425319293762053","10","0.95","0","10.313126108197382","0.11219318556467073","false"
"Specification-MandatoryFilingAnsweringNoExit__Cost-2__Fee-American","1","1","1","D","4","15","D Offer","D Liability Signal: 1","1","0.080450619999999987","false","9.4253138701353123","9.4253138701353123","1","0.05","0","9.3131220277959557","0.11219184233935664","false"
"Specification-MandatoryFilingAnsweringNoExit__Cost-2__Fee-American","1","1","1","D","4","15","D Offer","D Liability Signal: 1","1","0.080450619999999987","false","9.4253138701353123","9.4253138701353123","2","0.15","0","9.3131220277959557","0.11219184233935664","false"
"Specification-MandatoryFilingAnsweringNoExit__Cost-2__Fee-American","1","1","1","D","4","15","D Offer","D Liability Signal: 1","1","0.080450619999999987","false","9.4253138701353123","9.4253138701353123","3","0.25","1","9.4253138701353123","0","true"
"Specification-MandatoryFilingAnsweringNoExit__Cost-2__Fee-American","1","1","1","D","4","15","D Offer","D Liability Signal: 1","1","0.080450619999999987","false","9.4253138701353123","9.4253138701353123","4","0.35","0","9.3796511864321772","0.045662683703135087","false"
"Specification-MandatoryFilingAnsweringNoExit__Cost-2__Fee-American","1","1","1","D","4","15","D Offer","D Liability Signal: 1","1","0.080450619999999987","false","9.4253138701353123","9.4253138701353123","5","0.45","0","9.3339995031346596","0.091314367000652652","false"
"Specification-MandatoryFilingAnsweringNoExit__Cost-2__Fee-American","1","1","1","D","4","15","D Offer","D Liability Signal: 1","1","0.080450619999999987","false","9.4253138701353123","9.4253138701353123","6","0.55","0","9.2883368194315228","0.13697705070378952","false"
"Specification-MandatoryFilingAnsweringNoExit__Cost-2__Fee-American","1","1","1","D","4","15","D Offer","D Liability Signal: 1","1","0.080450619999999987","false","9.4253138701353123","9.4253138701353123","7","0.65","0","9.2426851361340052","0.18262873400130708","false"
"Specification-MandatoryFilingAnsweringNoExit__Cost-2__Fee-American","1","1","1","D","4","15","D Offer","D Liability Signal: 1","1","0.080450619999999987","false","9.4253138701353123","9.4253138701353123","8","0.75","0","9.1782836717988285","0.24703019833648376","false"
"Specification-MandatoryFilingAnsweringNoExit__Cost-2__Fee-American","1","1","1","D","4","15","D Offer","D Liability Signal: 1","1","0.080450619999999987","false","9.4253138701353123","9.4253138701353123","9","0.85","0","9.128277206393216","0.29703666374209625","false"
"Specification-MandatoryFilingAnsweringNoExit__Cost-2__Fee-American","1","1","1","D","4","15","D Offer","D Liability Signal: 1","1","0.080450619999999987","false","9.4253138701353123","9.4253138701353123","10","0.95","0","9.0782806946988295","0.34703317543648282","false"
"Specification-MandatoryFilingAnsweringNoExit__Cost-2__Fee-American","1","2","1","D","4","15","D Offer","D Liability Signal: 2","2","0.097678261199999991","false","9.4027546857364737","9.4027546857364737","1","0.05","0","9.2709805218324721","0.13177416390400154","false"
"Specification-MandatoryFilingAnsweringNoExit__Cost-2__Fee-American","1","2","1","D","4","15","D Offer","D Liability Signal: 2","2","0.097678261199999991","false","9.4027546857364737","9.4027546857364737","2","0.15","0","9.2709805218324721","0.13177416390400154","false"
"Specification-MandatoryFilingAnsweringNoExit__Cost-2__Fee-American","1","2","1","D","4","15","D Offer","D Liability Signal: 2","2","0.097678261199999991","false","9.4027546857364737","9.4027546857364737","3","0.25","1","9.4027546857364737","0","true"
"Specification-MandatoryFilingAnsweringNoExit__Cost-2__Fee-American","1","2","1","D","4","15","D Offer","D Liability Signal: 2","2","0.097678261199999991","false","9.4027546857364737","9.4027546857364737","4","0.35","0","9.3591988754193771","0.043555810317096544","false"
"Specification-MandatoryFilingAnsweringNoExit__Cost-2__Fee-American","1","2","1","D","4","15","D Offer","D Liability Signal: 2","2","0.097678261199999991","false","9.4027546857364737","9.4027546857364737","5","0.45","0","9.3156535579498669","0.087101127786606725","false"
"Specification-MandatoryFilingAnsweringNoExit__Cost-2__Fee-American","1","2","1","D","4","15","D Offer","D Liability Signal: 2","2","0.097678261199999991","false","9.4027546857364737","9.4027546857364737","6","0.55","0","9.2720977476327704","0.13065693810370327","false"
"Specification-MandatoryFilingAnsweringNoExit__Cost-2__Fee-American","1","2","1","D","4","15","D Offer","D Liability Signal: 2","2","0.097678261199999991","false","9.4027546857364737","9.4027546857364737","7","0.65","0","9.2285524301632584","0.17420225557321523","false"
"Specification-MandatoryFilingAnsweringNoExit__Cost-2__Fee-American","1","2","1","D","4","15","D Offer","D Liability Signal: 2","2","0.097678261199999991","false","9.4027546857364737","9.4027546857364737","8","0.75","0","9.1677508275427275","0.23500385819374614","false"
"Specification-MandatoryFilingAnsweringNoExit__Cost-2__Fee-American","1","2","1","D","4","15","D Offer","D Liability Signal: 2","2","0.097678261199999991","false","9.4027546857364737","9.4027546857364737","9","0.85","0","9.1177448696951462","0.28500981604132747","false"
"Specification-MandatoryFilingAnsweringNoExit__Cost-2__Fee-American","1","2","1","D","4","15","D Offer","D Liability Signal: 2","2","0.097678261199999991","false","9.4027546857364737","9.4027546857364737","10","0.95","0","9.0677478504427302","0.33500683529374342","false"
"Specification-MandatoryFilingAnsweringNoExit__Cost-2__Fee-American","1","3","1","D","4","15","D Offer","D Liability Signal: 3","3","0.10618020860000001","false","9.3590420458937871","9.3590420458937871","1","0.05","0","9.2031344702555575","0.15590757563822955","false"
"Specification-MandatoryFilingAnsweringNoExit__Cost-2__Fee-American","1","3","1","D","4","15","D Offer","D Liability Signal: 3","3","0.10618020860000001","false","9.3590420458937871","9.3590420458937871","2","0.15","0","9.2031344702555575","0.15590757563822955","false"
"Specification-MandatoryFilingAnsweringNoExit__Cost-2__Fee-American","1","3","1","D","4","15","D Offer","D Liability Signal: 3","3","0.10618020860000001","false","9.3590420458937871","9.3590420458937871","3","0.25","1","9.3590420458937871","0","true"
"Specification-MandatoryFilingAnsweringNoExit__Cost-2__Fee-American","1","3","1","D","4","15","D Offer","D Liability Signal: 3","3","0.10618020860000001","false","9.3590420458937871","9.3590420458937871","4","0.35","0","9.3188792281102746","0.040162817783512494","false"
"Specification-MandatoryFilingAnsweringNoExit__Cost-2__Fee-American","1","3","1","D","4","15","D Offer","D Liability Signal: 3","3","0.10618020860000001","false","9.3590420458937871","9.3590420458937871","5","0.45","0","9.2787260857827452","0.080315960111041917","false"
"Specification-MandatoryFilingAnsweringNoExit__Cost-2__Fee-American","1","3","1","D","4","15","D Offer","D Liability Signal: 3","3","0.10618020860000001","false","9.3590420458937871","9.3590420458937871","6","0.55","0","9.2385632679992327","0.12047877789455441","false"
"Specification-MandatoryFilingAnsweringNoExit__Cost-2__Fee-American","1","3","1","D","4","15","D Offer","D Liability Signal: 3","3","0.10618020860000001","false","9.3590420458937871","9.3590420458937871","7","0.65","0","9.198410125671705","0.16063192022208206","false"
"Specification-MandatoryFilingAnsweringNoExit__Cost-2__Fee-American","1","3","1","D","4","15","D Offer","D Liability Signal: 3","3","0.10618020860000001","false","9.3590420458937871","9.3590420458937871","8","0.75","0","9.1507883170496118","0.20825372884417526","false"
"Specification-MandatoryFilingAnsweringNoExit__Cost-2__Fee-American","1","3","1","D","4","15","D Offer","D Liability Signal: 3","3","0.10618020860000001","false","9.3590420458937871","9.3590420458937871","9","0.85","0","9.1007831765936302","0.25825886930015685","false"
"Specification-MandatoryFilingAnsweringNoExit__Cost-2__Fee-American","1","3","1","D","4","15","D Offer","D Liability Signal: 3","3","0.10618020860000001","false","9.3590420458937871","9.3590420458937871","10","0.95","0","9.050785339949611","0.30825670594417609","false"
"Specification-MandatoryFilingAnsweringNoExit__Cost-2__Fee-American","1","4","1","D","4","15","D Offer","D Liability Signal: 4","4","0.1080961854","false","9.2817078633600492","9.2817078633600492","1","0.05","0","9.1025053618243792","0.17920250153566997","false"
"Specification-MandatoryFilingAnsweringNoExit__Cost-2__Fee-American","1","4","1","D","4","15","D Offer","D Liability Signal: 4","4","0.1080961854","false","9.2817078633600492","9.2817078633600492","2","0.15","0","9.1025053618243792","0.17920250153566997","false"
"Specification-MandatoryFilingAnsweringNoExit__Cost-2__Fee-American","1","4","1","D","4","15","D Offer","D Liability Signal: 4","4","0.1080961854","false","9.2817078633600492","9.2817078633600492","3","0.25","1","9.2817078633600492","0","true"
"Specification-MandatoryFilingAnsweringNoExit__Cost-2__Fee-American","1","4","1","D","4","15","D Offer","D Liability Signal: 4","4","0.1080961854","false","9.2817078633600492","9.2817078633600492","4","0.35","0","9.2465772295882971","0.035130633771752073","false"
"Specification-MandatoryFilingAnsweringNoExit__Cost-2__Fee-American","1","4","1","D","4","15","D Offer","D Liability Signal: 4","4","0.1080961854","false","9.2817078633600492","9.2817078633600492","5","0.45","0","9.2114550589901842","0.070252804369864918","false"
"Specification-MandatoryFilingAnsweringNoExit__Cost-2__Fee-American","1","4","1","D","4","15","D Offer","D Liability Signal: 4","4","0.1080961854","false","9.2817078633600492","9.2817078633600492","6","0.55","0","9.1763244252184322","0.10538343814161699","false"
"Specification-MandatoryFilingAnsweringNoExit__Cost-2__Fee-American","1","4","1","D","4","15","D Offer","D Liability Signal: 4","4","0.1080961854","false","9.2817078633600492","9.2817078633600492","7","0.65","0","9.1412022546203211","0.14050560873972806","false"
"Specification-MandatoryFilingAnsweringNoExit__Cost-2__Fee-American","1","4","1","D","4","15","D Offer","D Liability Signal: 4","4","0.1080961854","false","9.2817078633600492","9.2817078633600492","8","0.75","0","9.1256310338378395","0.15607682952220969","false"
"Specification-MandatoryFilingAnsweringNoExit__Cost-2__Fee-American","1","4","1","D","4","15","D Offer","D Liability Signal: 4","4","0.1080961854","false","9.2817078633600492","9.2817078633600492","9","0.85","0","9.0756271056642035","0.20608075769584566","false"
"Specification-MandatoryFilingAnsweringNoExit__Cost-2__Fee-American","1","4","1","D","4","15","D Offer","D Liability Signal: 4","4","0.1080961854","false","9.2817078633600492","9.2817078633600492","10","0.95","0","9.0256280567378386","0.25607980662221053","false"
"Specification-MandatoryFilingAnsweringNoExit__Cost-2__Fee-American","1","5","1","D","4","15","D Offer","D Liability Signal: 5","5","0.10760218790000001","false","9.1632743044109155","9.1632743044109155","1","0.05","0","8.9717092194576828","0.19156508495323266","false"
"Specification-MandatoryFilingAnsweringNoExit__Cost-2__Fee-American","1","5","1","D","4","15","D Offer","D Liability Signal: 5","5","0.10760218790000001","false","9.1632743044109155","9.1632743044109155","2","0.15","0","8.9717092194576828","0.19156508495323266","false"
"Specification-MandatoryFilingAnsweringNoExit__Cost-2__Fee-American","1","5","1","D","4","15","D Offer","D Liability Signal: 5","5","0.10760218790000001","false","9.1632743044109155","9.1632743044109155","3","0.25","1","9.1632743044109155","0","true"
"Specification-MandatoryFilingAnsweringNoExit__Cost-2__Fee-American","1","5","1","D","4","15","D Offer","D Liability Signal: 5","5","0.10760218790000001","false","9.1632743044109155","9.1632743044109155","4","0.35","0","9.1346847331379131","0.028589571273002434","false"
"Specification-MandatoryFilingAnsweringNoExit__Cost-2__Fee-American","1","5","1","D","4","15","D Offer","D Liability Signal: 5","5","0.10760218790000001","false","9.1632743044109155","9.1632743044109155","5","0.45","0","9.1061020492586184","0.057172255152297069","false"
"Specification-MandatoryFilingAnsweringNoExit__Cost-2__Fee-American","1","5","1","D","4","15","D Offer","D Liability Signal: 5","5","0.10760218790000001","false","9.1632743044109155","9.1632743044109155","6","0.55","0","9.077512477985616","0.085761826425299503","false"
"Specification-MandatoryFilingAnsweringNoExit__Cost-2__Fee-American","1","5","1","D","4","15","D Offer","D Liability Signal: 5","5","0.10760218790000001","false","9.1632743044109155","9.1632743044109155","7","0.65","0","9.0489297941063231","0.11434451030459236","false"
"Specification-MandatoryFilingAnsweringNoExit__Cost-2__Fee-American","1","5","1","D","4","15","D Offer","D Liability Signal: 5","5","0.10760218790000001","false","9.1632743044109155","9.1632743044109155","8","0.75","0","9.0929304486838873","0.070343855727028171","false"
"Specification-MandatoryFilingAnsweringNoExit__Cost-2__Fee-American","1","5","1","D","4","15","D Offer","D Liability Signal: 5","5","0.10760218790000001","false","9.1632743044109155","9.1632743044109155","9","0.85","0","9.0429280962901792","0.12034620812073626","false"
"Specification-MandatoryFilingAnsweringNoExit__Cost-2__Fee-American","1","5","1","D","4","15","D Offer","D Liability Signal: 5","5","0.10760218790000001","false","9.1632743044109155","9.1632743044109155","10","0.95","0","8.9929274715838883","0.17034683282702723","false"
"Specification-MandatoryFilingAnsweringNoExit__Cost-2__Fee-American","1","6","1","D","4","15","D Offer","D Liability Signal: 6","6","0.10760135250000001","false","9.0570805687076437","9.0570805687076437","1","0.05","0","8.8283043006836976","0.22877626802394602","false"
"Specification-MandatoryFilingAnsweringNoExit__Cost-2__Fee-American","1","6","1","D","4","15","D Offer","D Liability Signal: 6","6","0.10760135250000001","false","9.0570805687076437","9.0570805687076437","2","0.15","0","8.8283043006836976","0.22877626802394602","false"
"Specification-MandatoryFilingAnsweringNoExit__Cost-2__Fee-American","1","6","1","D","4","15","D Offer","D Liability Signal: 6","6","0.10760135250000001","false","9.0570805687076437","9.0570805687076437","3","0.25","0","9.0127020864916787","0.044378482215964965","false"
"Specification-MandatoryFilingAnsweringNoExit__Cost-2__Fee-American","1","6","1","D","4","15","D Offer","D Liability Signal: 6","6","0.10760135250000001","false","9.0570805687076437","9.0570805687076437","4","0.35","0","8.9912835277370551","0.065797040970588583","false"
"Specification-MandatoryFilingAnsweringNoExit__Cost-2__Fee-American","1","6","1","D","4","15","D Offer","D Liability Signal: 6","6","0.10760135250000001","false","9.0570805687076437","9.0570805687076437","5","0.45","0","8.9698701288375879","0.087210439870055723","false"
"Specification-MandatoryFilingAnsweringNoExit__Cost-2__Fee-American","1","6","1","D","4","15","D Offer","D Liability Signal: 6","6","0.10760135250000001","false","9.0570805687076437","9.0570805687076437","6","0.55","0","8.9484515700829643","0.10862899862467934","false"
"Specification-MandatoryFilingAnsweringNoExit__Cost-2__Fee-American","1","6","1","D","4","15","D Offer","D Liability Signal: 6","6","0.10760135250000001","false","9.0570805687076437","9.0570805687076437","7","0.65","0","8.9270381711835007","0.13004239752414293","false"
"Specification-MandatoryFilingAnsweringNoExit__Cost-2__Fee-American","1","6","1","D","4","15","D Offer","D Liability Signal: 6","6","0.10760135250000001","false","9.0570805687076437","9.0570805687076437","8","0.75","1","9.0570805687076437","0","true"
"Specification-MandatoryFilingAnsweringNoExit__Cost-2__Fee-American","1","6","1","D","4","15","D Offer","D Liability Signal: 6","6","0.10760135250000001","false","9.0570805687076437","9.0570805687076437","9","0.85","0","9.0070799438524869","0.050000624855156772","false"
"Specification-MandatoryFilingAnsweringNoExit__Cost-2__Fee-American","1","6","1","D","4","15","D Offer","D Liability Signal: 6","6","0.10760135250000001","false","9.0570805687076437","9.0570805687076437","10","0.95","0","8.9570775916076428","0.10000297710000083","false"
"Specification-MandatoryFilingAnsweringNoExit__Cost-2__Fee-American","1","7","1","D","4","15","D Offer","D Liability Signal: 7","7","0.1080937146","false","9.0243796670770102","9.0243796670770102","1","0.05","0","8.6975064502938366","0.3268732167831736","false"
"Specification-MandatoryFilingAnsweringNoExit__Cost-2__Fee-American","1","7","1","D","4","15","D Offer","D Liability Signal: 7","7","0.1080937146","false","9.0243796670770102","9.0243796670770102","2","0.15","0","8.6975064502938366","0.3268732167831736","false"
"Specification-MandatoryFilingAnsweringNoExit__Cost-2__Fee-American","1","7","1","D","4","15","D Offer","D Liability Signal: 7","7","0.1080937146","false","9.0243796670770102","9.0243796670770102","3","0.25","0","8.8564568877990446","0.16792277927796562","false"
"Specification-MandatoryFilingAnsweringNoExit__Cost-2__Fee-American","1","7","1","D","4","15","D Offer","D Liability Signal: 7","7","0.1080937146","false","9.0243796670770102","9.0243796670770102","4","0.35","0","8.8415794548476576","0.18280021222935261","false"
"Specification-MandatoryFilingAnsweringNoExit__Cost-2__Fee-American","1","7","1","D","4","15","D Offer","D Liability Signal: 7","7","0.1080937146","false","9.0243796670770102","9.0243796670770102","5","0.45","0","8.8267056059562456","0.19767406112076458","false"
"Specification-MandatoryFilingAnsweringNoExit__Cost-2__Fee-American","1","7","1","D","4","15","D Offer","D Liability Signal: 7","7","0.1080937146","false","9.0243796670770102","9.0243796670770102","6","0.55","0","8.8118281730048604","0.21255149407214979","false"
"Specification-MandatoryFilingAnsweringNoExit__Cost-2__Fee-American","1","7","1","D","4","15","D Offer","D Liability Signal: 7","7","0.1080937146","false","9.0243796670770102","9.0243796670770102","7","0.65","0","8.7969543241134467","0.22742534296356354","false"
"Specification-MandatoryFilingAnsweringNoExit__Cost-2__Fee-American","1","7","1","D","4","15","D Offer","D Liability Signal: 7","7","0.1080937146","false","9.0243796670770102","9.0243796670770102","8","0.75","1","9.0243796670770102","0","true"
"Specification-MandatoryFilingAnsweringNoExit__Cost-2__Fee-American","1","7","1","D","4","15","D Offer","D Liability Signal: 7","7","0.1080937146","false","9.0243796670770102","9.0243796670770102","9","0.85","0","8.9743806180170367","0.049999049059973544","false"
"Specification-MandatoryFilingAnsweringNoExit__Cost-2__Fee-American","1","7","1","D","4","15","D Offer","D Liability Signal: 7","7","0.1080937146","false","9.0243796670770102","9.0243796670770102","10","0.95","0","8.9243766899770094","0.10000297710000083","false"
"Specification-MandatoryFilingAnsweringNoExit__Cost-2__Fee-American","1","8","1","D","4","15","D Offer","D Liability Signal: 8","8","0.10617632220000001","false","8.9992218797798245","8.9992218797798245","1","0.05","0","8.5968751232955807","0.40234675648424378","false"
"Specification-MandatoryFilingAnsweringNoExit__Cost-2__Fee-American","1","8","1","D","4","15","D Offer","D Liability Signal: 8","8","0.10617632220000001","false","8.9992218797798245","8.9992218797798245","2","0.15","0","8.5968751232955807","0.40234675648424378","false"
"Specification-MandatoryFilingAnsweringNoExit__Cost-2__Fee-American","1","8","1","D","4","15","D Offer","D Liability Signal: 8","8","0.10617632220000001","false","8.9992218797798245","8.9992218797798245","3","0.25","0","8.7224683518414832","0.27675352793834129","false"
"Specification-MandatoryFilingAnsweringNoExit__Cost-2__Fee-American","1","8","1","D","4","15","D Offer","D Liability Signal: 8","8","0.10617632220000001","false","8.9992218797798245","8.9992218797798245","4","0.35","0","8.7126232037335161","0.2865986760463084","false"
"Specification-MandatoryFilingAnsweringNoExit__Cost-2__Fee-American","1","8","1","D","4","15","D Offer","D Liability Signal: 8","8","0.10617632220000001","false","8.9992218797798245","8.9992218797798245","5","0.45","0","8.7027804273788849","0.29644145240093955","false"
"Specification-MandatoryFilingAnsweringNoExit__Cost-2__Fee-American","1","8","1","D","4","15","D Offer","D Liability Signal: 8","8","0.10617632220000001","false","8.9992218797798245","8.9992218797798245","6","0.55","0","8.6929352792709178","0.30628660050890666","false"
"Specification-MandatoryFilingAnsweringNoExit__Cost-2__Fee-American","1","8","1","D","4","15","D Offer","D Liability Signal: 8","8","0.10617632220000001","false","8.9992218797798245","8.9992218797798245","7","0.65","0","8.6830925029162866","0.31612937686353781","false"
"Specification-MandatoryFilingAnsweringNoExit__Cost-2__Fee-American","1","8","1","D","4","15","D Offer","D Liability Signal: 8","8","0.10617632220000001","false","8.9992218797798245","8.9992218797798245","8","0.75","1","8.9992218797798245","0","true"
"Specification-MandatoryFilingAnsweringNoExit__Cost-2__Fee-American","1","8","1","D","4","15","D Offer","D Liability Signal: 8","8","0.10617632220000001","false","8.9992218797798245","8.9992218797798245","9","0.85","0","8.9492240430264864","0.049997836753338021","false"
"Specification-MandatoryFilingAnsweringNoExit__Cost-2__Fee-American","1","8","1","D","4","15","D Offer","D Liability Signal: 8","8","0.10617632220000001","false","8.9992218797798245","8.9992218797798245","10","0.95","0","8.8992189026798219","0.10000297710000261","false"
"Specification-MandatoryFilingAnsweringNoExit__Cost-2__Fee-American","1","9","1","D","4","15","D Offer","D Liability Signal: 9","9","0.097673550799999995","false","8.9822588521920981","8.9822588521920981","1","0.05","0","8.5290269892683241","0.45323186292377393","false"
"Specification-MandatoryFilingAnsweringNoExit__Cost-2__Fee-American","1","9","1","D","4","15","D Offer","D Liability Signal: 9","9","0.097673550799999995","false","8.9822588521920981","8.9822588521920981","2","0.15","0","8.5290269892683241","0.45323186292377393","false"
"Specification-MandatoryFilingAnsweringNoExit__Cost-2__Fee-American","1","9","1","D","4","15","D Offer","D Liability Signal: 9","9","0.097673550799999995","false","8.9822588521920981","8.9822588521920981","3","0.25","0","8.6236976484409187","0.35856120375117939","false"
"Specification-MandatoryFilingAnsweringNoExit__Cost-2__Fee-American","1","9","1","D","4","15","D Offer","D Liability Signal: 9","9","0.097673550799999995","false","8.9822588521920981","8.9822588521920981","4","0.35","0","8.6172455963004069","0.3650132558916912","false"
"Specification-MandatoryFilingAnsweringNoExit__Cost-2__Fee-American","1","9","1","D","4","15","D Offer","D Liability Signal: 9","9","0.097673550799999995","false","8.9822588521920981","8.9822588521920981","5","0.45","0","8.6107950984967143","0.37146375369538376","false"
"Specification-MandatoryFilingAnsweringNoExit__Cost-2__Fee-American","1","9","1","D","4","15","D Offer","D Liability Signal: 9","9","0.097673550799999995","false","8.9822588521920981","8.9822588521920981","6","0.55","0","8.6043430463562043","0.37791580583589379","false"
"Specification-MandatoryFilingAnsweringNoExit__Cost-2__Fee-American","1","9","1","D","4","15","D Offer","D Liability Signal: 9","9","0.097673550799999995","false","8.9822588521920981","8.9822588521920981","7","0.65","0","8.5978925485525135","0.38436630363958457","false"
"Specification-MandatoryFilingAnsweringNoExit__Cost-2__Fee-American","1","9","1","D","4","15","D Offer","D Liability Signal: 9","9","0.097673550799999995","false","8.9822588521920981","8.9822588521920981","8","0.75","1","8.9822588521920981","0","true"
"Specification-MandatoryFilingAnsweringNoExit__Cost-2__Fee-American","1","9","1","D","4","15","D Offer","D Liability Signal: 9","9","0.097673550799999995","false","8.9822588521920981","8.9822588521920981","9","0.85","0","8.9322618328552768","0.049997019336821324","false"
"Specification-MandatoryFilingAnsweringNoExit__Cost-2__Fee-American","1","9","1","D","4","15","D Offer","D Liability Signal: 9","9","0.097673550799999995","false","8.9822588521920981","8.9822588521920981","10","0.95","0","8.8822558750920955","0.10000297710000261","false"
"Specification-MandatoryFilingAnsweringNoExit__Cost-2__Fee-American","1","10","1","D","4","15","D Offer","D Liability Signal: 10","10","0.080447596799999993","false","8.9717276405060602","8.9717276405060602","1","0.05","0","8.4868875256528824","0.48484011485317779","false"
"Specification-MandatoryFilingAnsweringNoExit__Cost-2__Fee-American","1","10","1","D","4","15","D Offer","D Liability Signal: 10","10","0.080447596799999993","false","8.9717276405060602","8.9717276405060602","2","0.15","0","8.4868875256528824","0.48484011485317779","false"
"Specification-MandatoryFilingAnsweringNoExit__Cost-2__Fee-American","1","10","1","D","4","15","D Offer","D Liability Signal: 10","10","0.080447596799999993","false","8.9717276405060602","8.9717276405060602","3","0.25","0","8.557776931368819","0.41395070913724119","false"
"Specification-MandatoryFilingAnsweringNoExit__Cost-2__Fee-American","1","10","1","D","4","15","D Offer","D Liability Signal: 10","10","0.080447596799999993","false","8.9717276405060602","8.9717276405060602","4","0.35","0","8.5534314260531303","0.41829621445292986","false"
"Specification-MandatoryFilingAnsweringNoExit__Cost-2__Fee-American","1","10","1","D","4","15","D Offer","D Liability Signal: 10","10","0.080447596799999993","false","8.9717276405060602","8.9717276405060602","5","0.45","0","8.5490869675949028","0.42264067291115737","false"
"Specification-MandatoryFilingAnsweringNoExit__Cost-2__Fee-American","1","10","1","D","4","15","D Offer","D Liability Signal: 10","10","0.080447596799999993","false","8.9717276405060602","8.9717276405060602","6","0.55","0","8.5447414622792142","0.42698617822684604","false"
"Specification-MandatoryFilingAnsweringNoExit__Cost-2__Fee-American","1","10","1","D","4","15","D Offer","D Liability Signal: 10","10","0.080447596799999993","false","8.9717276405060602","8.9717276405060602","7","0.65","0","8.5403970038209849","0.43133063668507532","false"
"Specification-MandatoryFilingAnsweringNoExit__Cost-2__Fee-American","1","10","1","D","4","15","D Offer","D Liability Signal: 10","10","0.080447596799999993","false","8.9717276405060602","8.9717276405060602","8","0.75","1","8.9717276405060602","0","true"
"Specification-MandatoryFilingAnsweringNoExit__Cost-2__Fee-American","1","10","1","D","4","15","D Offer","D Liability Signal: 10","10","0.080447596799999993","false","8.9717276405060602","8.9717276405060602","9","0.85","0","8.9217311286486005","0.04999651185745968","false"
"Specification-MandatoryFilingAnsweringNoExit__Cost-2__Fee-American","1","10","1","D","4","15","D Offer","D Liability Signal: 10","10","0.080447596799999993","false","8.9717276405060602","8.9717276405060602","10","0.95","0","8.8717246634060611","0.10000297709999906","false"
