1,0,0.8273130777705869,0.17268692222941312,0,1,0,0,0,0,0,1,0,0,1,0,1,0,0,1,0,0,0,0.2,0.2,0.2,0.2,0.2,1,0,1,0,0,1,0,0,0,0.2,0.2,0.2,0.2,0.2,1,0,1,0,0,1,0,0,0,0.2,0.2,0.2,0.2,0.2,1,0,0.5099945363478765,0.49000546365212355,0,1,0,0,0,0,0,1,0,0,0,1,0.5,0.5,0.2,0.2,0.2,0.2,0.2,0.2,0.2,0.2,0.2,0.2,0,1,0.5,0.5,0.2,0.2,0.2,0.2,0.2,0.2,0.2,0.2,0.2,0.2,0,1,0.5,0.5,0.2,0.2,0.2,0.2,0.2,0.2,0.2,0.2,0.2,0.2,0,1,0.5,0.5,0.2,0.2,0.2,0.2,0.2,0.2,0.2,0.2,0.2,0.2,0,1,0.5,0.5,0.2,0.2,0.2,0.2,0.2,0.2,0.2,0.2,0.2,0.2
1,0,1,0,0,1,0,0,0,0.2,0.2,0.2,0.2,0.2,1,0,0.7927220519093002,0.20727794809069985,0,1,0,0,0,0,0,1,0,0,1,0,1,0,0,1,0,0,0,0.2,0.2,0.2,0.2,0.2,1,0,1,0,0,1,0,0,0,0.2,0.2,0.2,0.2,0.2,1,0,0.8125960382114872,0.1874039617885129,0,1,0,0,0,0,0,1,0,0,0,1,0.5,0.5,0.2,0.2,0.2,0.2,0.2,0.2,0.2,0.2,0.2,0.2,0,1,0.5,0.5,0.2,0.2,0.2,0.2,0.2,0.2,0.2,0.2,0.2,0.2,0,1,0.5,0.5,0.2,0.2,0.2,0.2,0.2,0.2,0.2,0.2,0.2,0.2,0,1,0.5,0.5,0.2,0.2,0.2,0.2,0.2,0.2,0.2,0.2,0.2,0.2,0,1,0.5,0.5,0.2,0.2,0.2,0.2,0.2,0.2,0.2,0.2,0.2,0.2
1,0,0.7356876535758954,0.26431234642410467,0,1,0,0,0,0,0,1,0,0,1,0,1,0,0,1,0,0,0,0.2,0.2,0.2,0.2,0.2,1,0,1,0,0,1,0,0,0,0.2,0.2,0.2,0.2,0.2,1,0,1,0,0,1,0,0,0,0.2,0.2,0.2,0.2,0.2,1,0,0.7380446758420395,0.26195532415796047,0,1,0,0,0,0,0,1,0,0,0,1,0.5,0.5,0.2,0.2,0.2,0.2,0.2,0.2,0.2,0.2,0.2,0.2,0,1,0.5,0.5,0.2,0.2,0.2,0.2,0.2,0.2,0.2,0.2,0.2,0.2,0,1,0.5,0.5,0.2,0.2,0.2,0.2,0.2,0.2,0.2,0.2,0.2,0.2,0,1,0.5,0.5,0.2,0.2,0.2,0.2,0.2,0.2,0.2,0.2,0.2,0.2,0,1,0.5,0.5,0.2,0.2,0.2,0.2,0.2,0.2,0.2,0.2,0.2,0.2
1,0,0.8273130777705869,0.17268692222941312,0,1,0,0,0,0,0,1,0,0,1,0,1,0,0,1,0,0,0,0.2,0.2,0.2,0.2,0.2,1,0,1,0,0,1,0,0,0,0.2,0.2,0.2,0.2,0.2,1,0,1,0,0,1,0,0,0,0.2,0.2,0.2,0.2,0.2,1,0,0.8890224757616183,0.11097752423838175,0,0,1,0,0,0,0,1,0,0,0,1,0.5,0.5,0.2,0.2,0.2,0.2,0.2,0.2,0.2,0.2,0.2,0.2,0,1,0.5,0.5,0.2,0.2,0.2,0.2,0.2,0.2,0.2,0.2,0.2,0.2,0,1,0.5,0.5,0.2,0.2,0.2,0.2,0.2,0.2,0.2,0.2,0.2,0.2,0,1,0.5,0.5,0.2,0.2,0.2,0.2,0.2,0.2,0.2,0.2,0.2,0.2,0,1,0.5,0.5,0.2,0.2,0.2,0.2,0.2,0.2,0.2,0.2,0.2,0.2
0,1,0.5,0.5,0.2,0.2,0.2,0.2,0.2,0.2,0.2,0.2,0.2,0.2,0,1,0.5,0.5,0.2,0.2,0.2,0.2,0.2,0.2,0.2,0.2,0.2,0.2,0,1,0.5,0.5,0.2,0.2,0.2,0.2,0.2,0.2,0.2,0.2,0.2,0.2,0,1,0.5,0.5,0.2,0.2,0.2,0.2,0.2,0.2,0.2,0.2,0.2,0.2,0,1,0.5,0.5,0.2,0.2,0.2,0.2,0.2,0.2,0.2,0.2,0.2,0.2,0.7398593727799578,0.26014062722004216,0,1,0.2,0.2,0.2,0.2,0.2,0.6902887445799414,0.3097112554200587,0,0,0,0,1,0.5,0.5,0.2,0.2,0.2,0.2,0.2,0.2,0.2,0.2,0.2,0.2,0.2728618947100526,0.7271381052899474,1,0,0,0,1,0,0,0.2,0.2,0.2,0.2,0.2,0.540869006377826,0.45913099362217413,0.6129916071066008,0.3870083928933993,0,0,1,0,0,1,0,0,0,0,0.16404558052220589,0.8359544194777941,0,1,0.2,0.2,0.2,0.2,0.2,0.5427746779696418,0.4572253220303581,0,0,0
0,1,0.5,0.5,0.2,0.2,0.2,0.2,0.2,0.2,0.2,0.2,0.2,0.2,0,1,0.5,0.5,0.2,0.2,0.2,0.2,0.2,0.2,0.2,0.2,0.2,0.2,0,1,0.5,0.5,0.2,0.2,0.2,0.2,0.2,0.2,0.2,0.2,0.2,0.2,0,1,0.5,0.5,0.2,0.2,0.2,0.2,0.2,0.2,0.2,0.2,0.2,0.2,0,1,0.5,0.5,0.2,0.2,0.2,0.2,0.2,0.2,0.2,0.2,0.2,0.2,0.16789248504888873,0.8321075149511113,0,1,0.2,0.2,0.2,0.2,0.2,1,0,0,0,0,0.3810295667407013,0.6189704332592987,0,1,0.2,0.2,0.2,0.2,0.2,1,0,0,0,0,0.1283352576718477,0.8716647423281523,0.44158969129847186,0.5584103087015281,0,0,1,0,0,0.8575032849864324,0.1424967150135676,0,0,0,0.5347906068278745,0.46520939317212556,0.8473186119873817,0.15268138801261832,0,0,1,0,0,0,1,0,0,0,0.2015200607869152,0.7984799392130848,0,1,0.2,0.2,0.2,0.2,0.2,1,0,0,0,0
0,1,0.5,0.5,0.2,0.2,0.2,0.2,0.2,0.2,0.2,0.2,0.2,0.2,0,1,0.5,0.5,0.2,0.2,0.2,0.2,0.2,0.2,0.2,0.2,0.2,0.2,0,1,0.5,0.5,0.2,0.2,0.2,0.2,0.2,0.2,0.2,0.2,0.2,0.2,0,1,0.5,0.5,0.2,0.2,0.2,0.2,0.2,0.2,0.2,0.2,0.2,0.2,0,1,0.5,0.5,0.2,0.2,0.2,0.2,0.2,0.2,0.2,0.2,0.2,0.2,0.5121940768400555,0.4878059231599446,0,1,0.2,0.2,0.2,0.2,0.2,0.7877923781933448,0.21220762180665528,0,0,0,0.1789708325436364,0.8210291674563637,1,0,0,0,1,0,0,0.2,0.2,0.2,0.2,0.2,0.332750338054304,0.667249661945696,1,0,0,0,1,0,0,0.2,0.2,0.2,0.2,0.2,0.349505446287481,0.6504945537125191,0,1,0.2,0.2,0.2,0.2,0.2,0.7877923781933448,0.21220762180665528,0,0,0,0.2941370881278626,0.7058629118721375,0.8735417722834995,0.12645822771650053,0,0,1,0,0,0.7877923781933448,0.21220762180665528,0,0,0
1,0,1,0,0,1,0,0,0,0.2,0.2,0.2,0.2,0.2,1,0,0.8192569566314208,0.18074304336857921,0,1,0,0,0,0,0,1,0,0,1,0,0.9655201891418154,0.03447981085818466,0,1,0,0,0,0,0,1,0,0,1,0,1,0,0,1,0,0,0,0.2,0.2,0.2,0.2,0.2,1,0,0.8361811315976208,0.16381886840237936,0,1,0,0,0,0,0,1,0,0,0,1,0.5,0.5,0.2,0.2,0.2,0.2,0.2,0.2,0.2,0.2,0.2,0.2,0,1,0.5,0.5,0.2,0.2,0.2,0.2,0.2,0.2,0.2,0.2,0.2,0.2,0,1,0.5,0.5,0.2,0.2,0.2,0.2,0.2,0.2,0.2,0.2,0.2,0.2,0,1,0.5,0.5,0.2,0.2,0.2,0.2,0.2,0.2,0.2,0.2,0.2,0.2,0,1,0.5,0.5,0.2,0.2,0.2,0.2,0.2,0.2,0.2,0.2,0.2,0.2
0,1,0.5,0.5,0.2,0.2,0.2,0.2,0.2,0.2,0.2,0.2,0.2,0.2,0,1,0.5,0.5,0.2,0.2,0.2,0.2,0.2,0.2,0.2,0.2,0.2,0.2,0,1,0.5,0.5,0.2,0.2,0.2,0.2,0.2,0.2,0.2,0.2,0.2,0.2,0,1,0.5,0.5,0.2,0.2,0.2,0.2,0.2,0.2,0.2,0.2,0.2,0.2,0,1,0.5,0.5,0.2,0.2,0.2,0.2,0.2,0.2,0.2,0.2,0.2,0.2,0.5002611603936568,0.4997388396063432,0,1,0.2,0.2,0.2,0.2,0.2,0.6453223149301374,0.3546776850698627,0,0,0,0.23305895374080277,0.7669410462591973,1,0,0,0,1,0,0,0.2,0.2,0.2,0.2,0.2,0.2939680530646503,0.7060319469353498,1,0,0,0,1,0,0,0.2,0.2,0.2,0.2,0.2,0.35521646653981076,0.6447835334601894,0,1,0.2,0.2,0.2,0.2,0.2,0.8838196109685377,0.11618038903146231,0,0,0,0.29792003967928726,0.7020799603207128,0.8896963463982934,0.11030365360170662,0,0,1,0,0,0,1,0,0,0
1,0,1,0,0,1,0,0,0,0.2,0.2,0.2,0.2,0.2,1,0,1,0,0,0,1,0,0,0.2,0.2,0.2,0.2,0.2,1,0,1,0,0,0,1,0,0,0.2,0.2,0.2,0.2,0.2,1,0,1,0,0,0,1,0,0,0.2,0.2,0.2,0.2,0.2,1,0,0,1,0.2,0.2,0.2,0.2,0.2,0,0,1,0,0,0,1,0.5,0.5,0.2,0.2,0.2,0.2,0.2,0.2,0.2,0.2,0.2,0.2,0,1,0.5,0.5,0.2,0.2,0.2,0.2,0.2,0.2,0.2,0.2,0.2,0.2,0,1,0.5,0.5,0.2,0.2,0.2,0.2,0.2,0.2,0.2,0.2,0.2,0.2,0,1,0.5,0.5,0.2,0.2,0.2,0.2,0.2,0.2,0.2,0.2,0.2,0.2,0,1,0.5,0.5,0.2,0.2,0.2,0.2,0.2,0.2,0.2,0.2,0.2,0.2
0,1,0.5,0.5,0.2,0.2,0.2,0.2,0.2,0.2,0.2,0.2,0.2,0.2,0,1,0.5,0.5,0.2,0.2,0.2,0.2,0.2,0.2,0.2,0.2,0.2,0.2,0,1,0.5,0.5,0.2,0.2,0.2,0.2,0.2,0.2,0.2,0.2,0.2,0.2,0,1,0.5,0.5,0.2,0.2,0.2,0.2,0.2,0.2,0.2,0.2,0.2,0.2,0,1,0.5,0.5,0.2,0.2,0.2,0.2,0.2,0.2,0.2,0.2,0.2,0.2,0.5773074919675488,0.4226925080324512,0,1,0.2,0.2,0.2,0.2,0.2,1,0,0,0,0,0,1,0.5,0.5,0.2,0.2,0.2,0.2,0.2,0.2,0.2,0.2,0.2,0.2,0.4277366463075797,0.5722633536924204,0.8798153193899183,0.12018468061008174,0,0,1,0,0,1,0,0,0,0,0.29076634100974696,0.7092336589902531,0,1,0.2,0.2,0.2,0.2,0.2,1,0,0,0,0,0.32254038026179455,0.6774596197382056,0.7931851841363118,0.20681481586368824,0,0,1,0,0,0,1,0,0,0
0,1,0.5,0.5,0.2,0.2,0.2,0.2,0.2,0.2,0.2,0.2,0.2,0.2,0,1,0.5,0.5,0.2,0.2,0.2,0.2,0.2,0.2,0.2,0.2,0.2,0.2,0,1,0.5,0.5,0.2,0.2,0.2,0.2,0.2,0.2,0.2,0.2,0.2,0.2,0,1,0.5,0.5,0.2,0.2,0.2,0.2,0.2,0.2,0.2,0.2,0.2,0.2,0,1,0.5,0.5,0.2,0.2,0.2,0.2,0.2,0.2,0.2,0.2,0.2,0.2,0.7237271102912163,0.2762728897087837,0,1,0.2,0.2,0.2,0.2,0.2,0.4419868895396428,0.5580131104603572,0,0,0,0,1,0.5,0.5,0.2,0.2,0.2,0.2,0.2,0.2,0.2,0.2,0.2,0.2,0.36308336763051213,0.6369166323694878,1,0,0,0,1,0,0,0.2,0.2,0.2,0.2,0.2,0.3782513859723071,0.6217486140276929,0.16990775192148094,0.8300922480785191,0,0,1,0,0,1,0,0,0,0,0.2726395452131461,0.727360454786854,0.7695073241093212,0.2304926758906788,0,0,1,0,0,0,1,0,0,0
0,1,0.5,0.5,0.2,0.2,0.2,0.2,0.2,0.2,0.2,0.2,0.2,0.2,0,1,0.5,0.5,0.2,0.2,0.2,0.2,0.2,0.2,0.2,0.2,0.2,0.2,0,1,0.5,0.5,0.2,0.2,0.2,0.2,0.2,0.2,0.2,0.2,0.2,0.2,0,1,0.5,0.5,0.2,0.2,0.2,0.2,0.2,0.2,0.2,0.2,0.2,0.2,0,1,0.5,0.5,0.2,0.2,0.2,0.2,0.2,0.2,0.2,0.2,0.2,0.2,1,0,0,1,0.2,0.2,0.2,0.2,0.2,1,0,0,0,0,0,1,0.5,0.5,0.2,0.2,0.2,0.2,0.2,0.2,0.2,0.2,0.2,0.2,0.18947436009600566,0.8105256399039944,1,0,0,0,1,0,0,0.2,0.2,0.2,0.2,0.2,0.4520798867848395,0.5479201132151605,0.8371241966411666,0.16287580335883348,0,0,1,0,0,1,0,0,0,0,0.28496678063853564,0.7150332193614644,0,1,0.2,0.2,0.2,0.2,0.2,0.6992030279176588,0.3007969720823413,0,0,0
1,0,1,0,0,1,0,0,0,0.2,0.2,0.2,0.2,0.2,1,0,0.8032383695195114,0.1967616304804885,0,1,0,0,0,0,0,1,0,0,1,0,1,0,0,1,0,0,0,0.2,0.2,0.2,0.2,0.2,1,0,1,0,0,1,0,0,0,0.2,0.2,0.2,0.2,0.2,1,0,0.7754370267903469,0.22456297320965318,0,1,0,0,0,0,0,1,0,0,0,1,0.5,0.5,0.2,0.2,0.2,0.2,0.2,0.2,0.2,0.2,0.2,0.2,0,1,0.5,0.5,0.2,0.2,0.2,0.2,0.2,0.2,0.2,0.2,0.2,0.2,0,1,0.5,0.5,0.2,0.2,0.2,0.2,0.2,0.2,0.2,0.2,0.2,0.2,0,1,0.5,0.5,0.2,0.2,0.2,0.2,0.2,0.2,0.2,0.2,0.2,0.2,0,1,0.5,0.5,0.2,0.2,0.2,0.2,0.2,0.2,0.2,0.2,0.2,0.2
0,1,0.5,0.5,0.2,0.2,0.2,0.2,0.2,0.2,0.2,0.2,0.2,0.2,0,1,0.5,0.5,0.2,0.2,0.2,0.2,0.2,0.2,0.2,0.2,0.2,0.2,0,1,0.5,0.5,0.2,0.2,0.2,0.2,0.2,0.2,0.2,0.2,0.2,0.2,0,1,0.5,0.5,0.2,0.2,0.2,0.2,0.2,0.2,0.2,0.2,0.2,0.2,0,1,0.5,0.5,0.2,0.2,0.2,0.2,0.2,0.2,0.2,0.2,0.2,0.2,0.5146533287748986,0.4853466712251015,0,1,0.2,0.2,0.2,0.2,0.2,0.8163329085510586,0.18366709144894144,0,0,0,0.16682745003811575,0.8331725499618843,1,0,0,0,1,0,0,0.2,0.2,0.2,0.2,0.2,0.34228313551933104,0.657716864480669,1,0,0,0,1,0,0,0.2,0.2,0.2,0.2,0.2,0.34799116519903156,0.6520088348009684,0,1,0.2,0.2,0.2,0.2,0.2,0.7618020308303244,0.23819796916967564,0,0,0,0.2926374342943861,0.707362565705614,0.8682113588928259,0.13178864110717414,0,0,1,0,0,1,0,0,0,0
0,1,0.5,0.5,0.2,0.2,0.2,0.2,0.2,0.2,0.2,0.2,0.2,0.2,0,1,0.5,0.5,0.2,0.2,0.2,0.2,0.2,0.2,0.2,0.2,0.2,0.2,0,1,0.5,0.5,0.2,0.2,0.2,0.2,0.2,0.2,0.2,0.2,0.2,0.2,0,1,0.5,0.5,0.2,0.2,0.2,0.2,0.2,0.2,0.2,0.2,0.2,0.2,0,1,0.5,0.5,0.2,0.2,0.2,0.2,0.2,0.2,0.2,0.2,0.2,0.2,0.8304103782911383,0.16958962170886174,0,1,0.2,0.2,0.2,0.2,0.2,0.9401009527132479,0.059899047286752057,0,0,0,0,1,0.5,0.5,0.2,0.2,0.2,0.2,0.2,0.2,0.2,0.2,0.2,0.2,0.05667152681802107,0.943328473181979,1,0,0,0,1,0,0,0.2,0.2,0.2,0.2,0.2,0.7440345280928972,0.25596547190710284,0.609028234002478,0.3909717659975221,0,0,1,0,0,0.7077130955310627,0.2922869044689373,0,0,0,0.07980407375498896,0.9201959262450111,0,1,0.2,0.2,0.2,0.2,0.2,1,0,0,0,0
0,1,0.5,0.5,0.2,0.2,0.2,0.2,0.2,0.2,0.2,0.2,0.2,0.2,0,1,0.5,0.5,0.2,0.2,0.2,0.2,0.2,0.2,0.2,0.2,0.2,0.2,0,1,0.5,0.5,0.2,0.2,0.2,0.2,0.2,0.2,0.2,0.2,0.2,0.2,0,1,0.5,0.5,0.2,0.2,0.2,0.2,0.2,0.2,0.2,0.2,0.2,0.2,0,1,0.5,0.5,0.2,0.2,0.2,0.2,0.2,0.2,0.2,0.2,0.2,0.2,0.21779268557552617,0.7822073144244738,0,1,0.2,0.2,0.2,0.2,0.2,1,0,0,0,0,0.2883736397013875,0.7116263602986125,0,1,0.2,0.2,0.2,0.2,0.2,1,0,0,0,0,0.23557721555036723,0.7644227844496329,0.24056454986795828,0.7594354501320417,0,0,1,0,0,0.571074029203487,0.42892597079651307,0,0,0,0.45313803468128416,0.5468619653187159,1,0,0,0,1,0,0,0.2,0.2,0.2,0.2,0.2,0.2383402164012734,0.7616597835987267,0,1,0.2,0.2,0.2,0.2,0.2,0.817959581259619,0.18204041874038104,0,0,0
0,1,0.5,0.5,0.2,0.2,0.2,0.2,0.2,0.2,0.2,0.2,0.2,0.2,0,1,0.5,0.5,0.2,0.2,0.2,0.2,0.2,0.2,0.2,0.2,0.2,0.2,0,1,0.5,0.5,0.2,0.2,0.2,0.2,0.2,0.2,0.2,0.2,0.2,0.2,0,1,0.5,0.5,0.2,0.2,0.2,0.2,0.2,0.2,0.2,0.2,0.2,0.2,0,1,0.5,0.5,0.2,0.2,0.2,0.2,0.2,0.2,0.2,0.2,0.2,0.2,0.9251601083698406,0.07483989163015947,0,1,0.2,0.2,0.2,0.2,0.2,0.20174880593560737,0.7982511940643926,0,0,0,0,1,0.5,0.5,0.2,0.2,0.2,0.2,0.2,0.2,0.2,0.2,0.2,0.2,0.14794325597990532,0.8520567440200948,1,0,0,0,1,0,0,0.2,0.2,0.2,0.2,0.2,0.6342968590349158,0.36570314096508416,0.5803483966419505,0.4196516033580495,0,0,1,0,0,1,0,0,0,0,0.10850030136614507,0.891499698633855,0,1,0.2,0.2,0.2,0.2,0.2,1,0,0,0,0
0,1,0.5,0.5,0.2,0.2,0.2,0.2,0.2,0.2,0.2,0.2,0.2,0.2,0,1,0.5,0.5,0.2,0.2,0.2,0.2,0.2,0.2,0.2,0.2,0.2,0.2,0,1,0.5,0.5,0.2,0.2,0.2,0.2,0.2,0.2,0.2,0.2,0.2,0.2,0,1,0.5,0.5,0.2,0.2,0.2,0.2,0.2,0.2,0.2,0.2,0.2,0.2,0,1,0.5,0.5,0.2,0.2,0.2,0.2,0.2,0.2,0.2,0.2,0.2,0.2,1,0,0,1,0.2,0.2,0.2,0.2,0.2,1,0,0,0,0,0,1,0.5,0.5,0.2,0.2,0.2,0.2,0.2,0.2,0.2,0.2,0.2,0.2,0,1,0.5,0.5,0.2,0.2,0.2,0.2,0.2,0.2,0.2,0.2,0.2,0.2,0.754807994461352,0.24519200553864803,0.6425624278395566,0.3574375721604433,0,0,1,0,0,0.6760675322945553,0.3239324677054447,0,0,0,0.09257100701726173,0.9074289929827383,0,1,0.2,0.2,0.2,0.2,0.2,1,0,0,0,0
0,1,0.5,0.5,0.2,0.2,0.2,0.2,0.2,0.2,0.2,0.2,0.2,0.2,0,1,0.5,0.5,0.2,0.2,0.2,0.2,0.2,0.2,0.2,0.2,0.2,0.2,0,1,0.5,0.5,0.2,0.2,0.2,0.2,0.2,0.2,0.2,0.2,0.2,0.2,0,1,0.5,0.5,0.2,0.2,0.2,0.2,0.2,0.2,0.2,0.2,0.2,0.2,0,1,0.5,0.5,0.2,0.2,0.2,0.2,0.2,0.2,0.2,0.2,0.2,0.2,0,1,0.5,0.5,0.2,0.2,0.2,0.2,0.2,0.2,0.2,0.2,0.2,0.2,0.6950750455040503,0.3049249544959498,0,1,0.2,0.2,0.2,0.2,0.2,0.7877923781933448,0.21220762180665528,0,0,0,0.05667152681802107,0.943328473181979,1,0,0,0,1,0,0,0.2,0.2,0.2,0.2,0.2,0.45313803468128416,0.5468619653187159,1,0,0,0,1,0,0,0.2,0.2,0.2,0.2,0.2,0.26721157150136227,0.7327884284986378,0,1,0.2,0.2,0.2,0.2,0.2,0.7877923781933448,0.21220762180665528,0,0,0
0,1,0.5,0.5,0.2,0.2,0.2,0.2,0.2,0.2,0.2,0.2,0.2,0.2,0,1,0.5,0.5,0.2,0.2,0.2,0.2,0.2,0.2,0.2,0.2,0.2,0.2,0,1,0.5,0.5,0.2,0.2,0.2,0.2,0.2,0.2,0.2,0.2,0.2,0.2,0,1,0.5,0.5,0.2,0.2,0.2,0.2,0.2,0.2,0.2,0.2,0.2,0.2,0,1,0.5,0.5,0.2,0.2,0.2,0.2,0.2,0.2,0.2,0.2,0.2,0.2,0.3938582180316931,0.6061417819683069,0,1,0.2,0.2,0.2,0.2,0.2,1,0,0,0,0,0.22861264075411636,0.7713873592458836,1,0,0,1,0,0,0,0.2,0.2,0.2,0.2,0.2,0.24215153646330165,0.7578484635366984,1,0,0,0.9554524388152427,0.04454756118475728,0,0,0.2,0.2,0.2,0.2,0.2,0.3564790675140642,0.6435209324859359,0.24195953001675038,0.7580404699832497,0,0,1,0,0,1,0,0,0,0,0.2471995722010406,0.7528004277989595,0.884714530425802,0.1152854695741981,0,1,0,0,0,1,0,0,0,0
0,1,0.5,0.5,0.2,0.2,0.2,0.2,0.2,0.2,0.2,0.2,0.2,0.2,0,1,0.5,0.5,0.2,0.2,0.2,0.2,0.2,0.2,0.2,0.2,0.2,0.2,0,1,0.5,0.5,0.2,0.2,0.2,0.2,0.2,0.2,0.2,0.2,0.2,0.2,0,1,0.5,0.5,0.2,0.2,0.2,0.2,0.2,0.2,0.2,0.2,0.2,0.2,0,1,0.5,0.5,0.2,0.2,0.2,0.2,0.2,0.2,0.2,0.2,0.2,0.2,1,0,0,1,0.2,0.2,0.2,0.2,0.2,0.2600234571219946,0.7399765428780055,0,0,0,0.2599265653086249,0.7400734346913751,0,1,0.2,0.2,0.2,0.2,0.2,0,1,0,0,0,0.25864644895641986,0.7413535510435801,1,0,0,0,1,0,0,0.2,0.2,0.2,0.2,0.2,0.3971068880784207,0.6028931119215793,0.8550423786059158,0.14495762139408416,0,0,1,0,0,1,0,0,0,0,0.24960060636186188,0.7503993936381381,0,1,0.2,0.2,0.2,0.2,0.2,1,0,0,0,0
0,1,0.5,0.5,0.2,0.2,0.2,0.2,0.2,0.2,0.2,0.2,0.2,0.2,0,1,0.5,0.5,0.2,0.2,0.2,0.2,0.2,0.2,0.2,0.2,0.2,0.2,0,1,0.5,0.5,0.2,0.2,0.2,0.2,0.2,0.2,0.2,0.2,0.2,0.2,0,1,0.5,0.5,0.2,0.2,0.2,0.2,0.2,0.2,0.2,0.2,0.2,0.2,0,1,0.5,0.5,0.2,0.2,0.2,0.2,0.2,0.2,0.2,0.2,0.2,0.2,1,0,0,1,0.2,0.2,0.2,0.2,0.2,1,0,0,0,0,0.2591413421448123,0.7408586578551877,0,1,0.2,0.2,0.2,0.2,0.2,1,0,0,0,0,0.06688337305030782,0.9331166269496922,0.8473186119873817,0.15268138801261832,0,0,1,0,0,0,1,0,0,0,0.5347906068278745,0.46520939317212556,0.8473186119873817,0.15268138801261832,0,0,1,0,0,0,1,0,0,0,0.22049584858727714,0.7795041514127229,0,1,0.2,0.2,0.2,0.2,0.2,1,0,0,0,0
0,1,0.5,0.5,0.2,0.2,0.2,0.2,0.2,0.2,0.2,0.2,0.2,0.2,0,1,0.5,0.5,0.2,0.2,0.2,0.2,0.2,0.2,0.2,0.2,0.2,0.2,0,1,0.5,0.5,0.2,0.2,0.2,0.2,0.2,0.2,0.2,0.2,0.2,0.2,0,1,0.5,0.5,0.2,0.2,0.2,0.2,0.2,0.2,0.2,0.2,0.2,0.2,0,1,0.5,0.5,0.2,0.2,0.2,0.2,0.2,0.2,0.2,0.2,0.2,0.2,0.9305503619636453,0.06944963803635483,0,1,0.2,0.2,0.2,0.2,0.2,0.4504501148977285,0.5495498851022715,0,0,0,0,1,0.5,0.5,0.2,0.2,0.2,0.2,0.2,0.2,0.2,0.2,0.2,0.2,0.05667152681802107,0.943328473181979,1,0,0,0,1,0,0,0.2,0.2,0.2,0.2,0.2,0.7255907854018762,0.27440921459812384,0.6245090811486931,0.37549091885130703,0,0,1,0,0,1,0,0,0,0,0.0932124575994676,0.9067875424005324,0,1,0.2,0.2,0.2,0.2,0.2,0.33686604698625067,0.6631339530137494,0,0,0
0,1,0.5,0.5,0.2,0.2,0.2,0.2,0.2,0.2,0.2,0.2,0.2,0.2,0,1,0.5,0.5,0.2,0.2,0.2,0.2,0.2,0.2,0.2,0.2,0.2,0.2,0,1,0.5,0.5,0.2,0.2,0.2,0.2,0.2,0.2,0.2,0.2,0.2,0.2,0,1,0.5,0.5,0.2,0.2,0.2,0.2,0.2,0.2,0.2,0.2,0.2,0.2,0,1,0.5,0.5,0.2,0.2,0.2,0.2,0.2,0.2,0.2,0.2,0.2,0.2,0.3965826243204826,0.6034173756795175,0,1,0.2,0.2,0.2,0.2,0.2,1,0,0,0,0,0.15815506254491274,0.8418449374550873,1,0,0,0,1,0,0,0.2,0.2,0.2,0.2,0.2,0.4845384432047158,0.5154615567952842,0.7610784633524318,0.2389215366475683,0,0,1,0,0,0,1,0,0,0,0.22039210992562533,0.7796078900743747,0,1,0.2,0.2,0.2,0.2,0.2,1,0,0,0,0,0.3362258884549908,0.6637741115450093,0.6753099618543619,0.3246900381456381,0,0,1,0,0,1,0,0,0,0
0,1,0.5,0.5,0.2,0.2,0.2,0.2,0.2,0.2,0.2,0.2,0.2,0.2,0,1,0.5,0.5,0.2,0.2,0.2,0.2,0.2,0.2,0.2,0.2,0.2,0.2,0,1,0.5,0.5,0.2,0.2,0.2,0.2,0.2,0.2,0.2,0.2,0.2,0.2,0,1,0.5,0.5,0.2,0.2,0.2,0.2,0.2,0.2,0.2,0.2,0.2,0.2,0,1,0.5,0.5,0.2,0.2,0.2,0.2,0.2,0.2,0.2,0.2,0.2,0.2,0.03502110537907229,0.9649788946209278,0,1,0.2,0.2,0.2,0.2,0.2,1,0,0,0,0,0.5374735637883815,0.4625264362116186,0,1,0.2,0.2,0.2,0.2,0.2,1,0,0,0,0,0.1334088230385614,0.8665911769614386,0.4247959432311335,0.5752040567688665,0,0,1,0,0,0,1,0,0,0,0.45313803468128416,0.5468619653187159,1,0,0,0,1,0,0,0.2,0.2,0.2,0.2,0.2,0.2542446043253538,0.7457553956746463,0,1,0.2,0.2,0.2,0.2,0.2,0.8293472032120757,0.17065279678792442,0,0,0
0,1,0.5,0.5,0.2,0.2,0.2,0.2,0.2,0.2,0.2,0.2,0.2,0.2,0,1,0.5,0.5,0.2,0.2,0.2,0.2,0.2,0.2,0.2,0.2,0.2,0.2,0,1,0.5,0.5,0.2,0.2,0.2,0.2,0.2,0.2,0.2,0.2,0.2,0.2,0,1,0.5,0.5,0.2,0.2,0.2,0.2,0.2,0.2,0.2,0.2,0.2,0.2,0,1,0.5,0.5,0.2,0.2,0.2,0.2,0.2,0.2,0.2,0.2,0.2,0.2,1,0,0,1,0.2,0.2,0.2,0.2,0.2,1,0,0,0,0,0.4066415645283796,0.5933584354716206,0,1,0.2,0.2,0.2,0.2,0.2,0.6372721451762141,0.3627278548237859,0,0,0,0.05667152681802107,0.943328473181979,1,0,0,0,1,0,0,0.2,0.2,0.2,0.2,0.2,0.45313803468128416,0.5468619653187159,1,0,0,0,1,0,0,0.2,0.2,0.2,0.2,0.2,0.27720018069480024,0.7227998193051998,0,1,0.2,0.2,0.2,0.2,0.2,0.795439050705544,0.20456094929445615,0,0,0
0,1,0.5,0.5,0.2,0.2,0.2,0.2,0.2,0.2,0.2,0.2,0.2,0.2,0,1,0.5,0.5,0.2,0.2,0.2,0.2,0.2,0.2,0.2,0.2,0.2,0.2,0,1,0.5,0.5,0.2,0.2,0.2,0.2,0.2,0.2,0.2,0.2,0.2,0.2,0,1,0.5,0.5,0.2,0.2,0.2,0.2,0.2,0.2,0.2,0.2,0.2,0.2,0,1,0.5,0.5,0.2,0.2,0.2,0.2,0.2,0.2,0.2,0.2,0.2,0.2,0.34420029440162,0.6557997055983801,0,1,0.2,0.2,0.2,0.2,0.2,1,0,0,0,0,0.1162838557341386,0.8837161442658614,1,0,0,0,1,0,0,0.2,0.2,0.2,0.2,0.2,0.5523750275464784,0.44762497245352156,0.6614407773091373,0.3385592226908628,0,0,1,0,0,0.9453946014143071,0.05460539858569285,0,0,0,0.15091051442352435,0.8490894855764757,0,1,0.2,0.2,0.2,0.2,0.2,0.45893384262520226,0.5410661573747977,0,0,0,0.38795178195878877,0.6120482180412113,0.6477131166913079,0.35228688330869207,0,0,1,0,0,1,0,0,0,0
0,1,0.5,0.5,0.2,0.2,0.2,0.2,0.2,0.2,0.2,0.2,0.2,0.2,0,1,0.5,0.5,0.2,0.2,0.2,0.2,0.2,0.2,0.2,0.2,0.2,0.2,0,1,0.5,0.5,0.2,0.2,0.2,0.2,0.2,0.2,0.2,0.2,0.2,0.2,0,1,0.5,0.5,0.2,0.2,0.2,0.2,0.2,0.2,0.2,0.2,0.2,0.2,0,1,0.5,0.5,0.2,0.2,0.2,0.2,0.2,0.2,0.2,0.2,0.2,0.2,0.3449304885950261,0.6550695114049738,0,1,0.2,0.2,0.2,0.2,0.2,1,0,0,0,0,0.1142410000665411,0.885758999933459,1,0,0,0,1,0,0,0.2,0.2,0.2,0.2,0.2,0.549976470146611,0.450023529853389,0.6580823188750518,0.34191768112494836,0,0,1,0,0,1,0,0,0,0,0.15098992027950173,0.8490100797204984,0,1,0.2,0.2,0.2,0.2,0.2,0.43283417873368596,0.5671658212663141,0,0,0,0.3887503272602697,0.6112496727397303,0.6494228892043453,0.35057711079565484,0,0,1,0,0,1,0,0,0,0
0,1,0.5,0.5,0.2,0.2,0.2,0.2,0.2,0.2,0.2,0.2,0.2,0.2,0,1,0.5,0.5,0.2,0.2,0.2,0.2,0.2,0.2,0.2,0.2,0.2,0.2,0,1,0.5,0.5,0.2,0.2,0.2,0.2,0.2,0.2,0.2,0.2,0.2,0.2,0,1,0.5,0.5,0.2,0.2,0.2,0.2,0.2,0.2,0.2,0.2,0.2,0.2,0,1,0.5,0.5,0.2,0.2,0.2,0.2,0.2,0.2,0.2,0.2,0.2,0.2,0.5191998359082808,0.4808001640917193,0,1,0.2,0.2,0.2,0.2,0.2,1,0,0,0,0,0.1162838557341386,0.8837161442658614,1,0,0,0,1,0,0,0.2,0.2,0.2,0.2,0.2,0.37557521381878556,0.6244247861812144,0.9728101167048422,0.02718988329515788,0,0,1,0,0,0,1,0,0,0,0.33568122573593934,0.6643187742640607,0,1,0.2,0.2,0.2,0.2,0.2,0.7567556184663673,0.24324438153363265,0,0,0,0.29607567169363785,0.7039243283063622,0.8487068740942872,0.15129312590571278,0,0,1,0,0,1,0,0,0,0
0,1,0.5,0.5,0.2,0.2,0.2,0.2,0.2,0.2,0.2,0.2,0.2,0.2,0,1,0.5,0.5,0.2,0.2,0.2,0.2,0.2,0.2,0.2,0.2,0.2,0.2,0,1,0.5,0.5,0.2,0.2,0.2,0.2,0.2,0.2,0.2,0.2,0.2,0.2,0,1,0.5,0.5,0.2,0.2,0.2,0.2,0.2,0.2,0.2,0.2,0.2,0.2,0,1,0.5,0.5,0.2,0.2,0.2,0.2,0.2,0.2,0.2,0.2,0.2,0.2,0.5859062690229309,0.41409373097706925,0,1,0.2,0.2,0.2,0.2,0.2,1,0,0,0,0,0,1,0.5,0.5,0.2,0.2,0.2,0.2,0.2,0.2,0.2,0.2,0.2,0.2,0.44693907454955567,0.5530609254504444,1,0,0,0,1,0,0,0.2,0.2,0.2,0.2,0.2,0.315823569765521,0.684176430234479,0,1,0.2,0.2,0.2,0.2,0.2,0.7667692613948335,0.23323073860516655,0,0,0,0.29594081218851537,0.7040591878114847,0.7743290626795418,0.22567093732045826,0,0,1,0,0,0.7982742594799029,0.20172574052009717,0,0,0
0,1,0.5,0.5,0.2,0.2,0.2,0.2,0.2,0.2,0.2,0.2,0.2,0.2,0,1,0.5,0.5,0.2,0.2,0.2,0.2,0.2,0.2,0.2,0.2,0.2,0.2,0,1,0.5,0.5,0.2,0.2,0.2,0.2,0.2,0.2,0.2,0.2,0.2,0.2,0,1,0.5,0.5,0.2,0.2,0.2,0.2,0.2,0.2,0.2,0.2,0.2,0.2,0,1,0.5,0.5,0.2,0.2,0.2,0.2,0.2,0.2,0.2,0.2,0.2,0.2,0.9324805782845624,0.06751942171543769,0,1,0.2,0.2,0.2,0.2,0.2,0.4327455238767914,0.5672544761232087,0,0,0,0,1,0.5,0.5,0.2,0.2,0.2,0.2,0.2,0.2,0.2,0.2,0.2,0.2,0.05981262717319024,0.9401873728268098,1,0,0,0,1,0,0,0.2,0.2,0.2,0.2,0.2,0.722906902436333,0.27709309756366696,0.6243838788110588,0.3756161211889412,0,0,1,0,0,1,0,0,0,0,0.09402187345732158,0.9059781265426785,0,1,0.2,0.2,0.2,0.2,0.2,0.35131016898125755,0.6486898310187424,0,0,0
0,1,0.5,0.5,0.2,0.2,0.2,0.2,0.2,0.2,0.2,0.2,0.2,0.2,0,1,0.5,0.5,0.2,0.2,0.2,0.2,0.2,0.2,0.2,0.2,0.2,0.2,0,1,0.5,0.5,0.2,0.2,0.2,0.2,0.2,0.2,0.2,0.2,0.2,0.2,0,1,0.5,0.5,0.2,0.2,0.2,0.2,0.2,0.2,0.2,0.2,0.2,0.2,0,1,0.5,0.5,0.2,0.2,0.2,0.2,0.2,0.2,0.2,0.2,0.2,0.2,1,0,0,1,0.2,0.2,0.2,0.2,0.2,0.7708572248220221,0.2291427751779779,0,0,0,0,1,0.5,0.5,0.2,0.2,0.2,0.2,0.2,0.2,0.2,0.2,0.2,0.2,0.2728618947100526,0.7271381052899474,1,0,0,0,1,0,0,0.2,0.2,0.2,0.2,0.2,0.3806877632300795,0.6193122367699204,0.8709188828150307,0.1290811171849693,0,0,1,0,0,1,0,0,0,0,0.30898956519675885,0.6910104348032412,0,1,0.2,0.2,0.2,0.2,0.2,0.7572546071769113,0.24274539282308874,0,0,0
